entity_type,entity_id,topic_id,weight,analyzed_at
opportunity,98379538,0,0.0,2026-09-04T06:34:12+00:00
opportunity,98379538,1,0.0,2026-09-04T06:34:12+00:00
opportunity,98379538,2,7.513747505031152e-05,2026-09-04T06:34:12+00:00
opportunity,98379538,3,0.0,2026-09-04T06:34:12+00:00
opportunity,98379538,4,0.0,2026-09-04T06:34:12+00:00
opportunity,98379538,5,0.3697584182851894,2026-09-04T06:34:12+00:00
opportunity,98379538,6,0.0,2026-09-04T06:34:12+00:00
opportunity,98379538,7,0.0,2026-09-04T06:34:12+00:00
opportunity,98379538,8,0.0,2026-09-04T06:34:12+00:00
opportunity,98379538,9,0.3655766215614748,2026-09-04T06:34:12+00:00
opportunity,98379538,10,0.0,2026-09-04T06:34:12+00:00
opportunity,98379538,11,0.018011657595221706,2026-09-04T06:34:12+00:00
opportunity,98379538,12,0.06868838253606636,2026-09-04T06:34:12+00:00
opportunity,98379538,13,0.1778897825469974,2026-09-04T06:34:12+00:00
opportunity,98379540,0,0.0,2026-09-04T06:34:12+00:00
opportunity,98379540,1,0.0,2026-09-04T06:34:12+00:00
opportunity,98379540,2,0.0,2026-09-04T06:34:12+00:00
opportunity,98379540,3,0.0,2026-09-04T06:34:12+00:00
opportunity,98379540,4,0.0,2026-09-04T06:34:12+00:00
opportunity,98379540,5,0.41979485044243753,2026-09-04T06:34:12+00:00
opportunity,98379540,6,0.0,2026-09-04T06:34:12+00:00
opportunity,98379540,7,0.0,2026-09-04T06:34:12+00:00
opportunity,98379540,8,0.0,2026-09-04T06:34:12+00:00
opportunity,98379540,9,0.4571330340285161,2026-09-04T06:34:12+00:00
opportunity,98379540,10,0.01511740472845627,2026-09-04T06:34:12+00:00
opportunity,98379540,11,0.0,2026-09-04T06:34:12+00:00
opportunity,98379540,12,0.049301947464913044,2026-09-04T06:34:12+00:00
opportunity,98379540,13,0.058652763335676976,2026-09-04T06:34:12+00:00
opportunity,98379543,0,0.0,2026-09-04T06:34:12+00:00
opportunity,98379543,1,0.0,2026-09-04T06:34:12+00:00
opportunity,98379543,2,0.0,2026-09-04T06:34:12+00:00
opportunity,98379543,3,0.0,2026-09-04T06:34:12+00:00
opportunity,98379543,4,0.0,2026-09-04T06:34:12+00:00
opportunity,98379543,5,0.5566038275854521,2026-09-04T06:34:12+00:00
opportunity,98379543,6,0.0,2026-09-04T06:34:12+00:00
opportunity,98379543,7,0.0,2026-09-04T06:34:12+00:00
opportunity,98379543,8,0.0,2026-09-04T06:34:12+00:00
opportunity,98379543,9,0.2727964701723122,2026-09-04T06:34:12+00:00
opportunity,98379543,10,0.0,2026-09-04T06:34:12+00:00
opportunity,98379543,11,0.0,2026-09-04T06:34:12+00:00
opportunity,98379543,12,0.04324896066291581,2026-09-04T06:34:12+00:00
opportunity,98379543,13,0.12735074157932005,2026-09-04T06:34:12+00:00
opportunity,98379544,0,0.0,2026-09-04T06:34:12+00:00
opportunity,98379544,1,0.0,2026-09-04T06:34:12+00:00
opportunity,98379544,2,0.0,2026-09-04T06:34:12+00:00
opportunity,98379544,3,0.0,2026-09-04T06:34:12+00:00
opportunity,98379544,4,0.0,2026-09-04T06:34:12+00:00
opportunity,98379544,5,0.34261238575278286,2026-09-04T06:34:12+00:00
opportunity,98379544,6,0.0,2026-09-04T06:34:12+00:00
opportunity,98379544,7,0.0,2026-09-04T06:34:12+00:00
opportunity,98379544,8,0.0,2026-09-04T06:34:12+00:00
opportunity,98379544,9,0.38508448226323366,2026-09-04T06:34:12+00:00
opportunity,98379544,10,0.015236474987855646,2026-09-04T06:34:12+00:00
opportunity,98379544,11,0.0,2026-09-04T06:34:12+00:00
opportunity,98379544,12,0.1417015794547297,2026-09-04T06:34:12+00:00
opportunity,98379544,13,0.11536507754139808,2026-09-04T06:34:12+00:00
opportunity,98379577,0,0.043647101226332065,2026-09-04T06:34:12+00:00
opportunity,98379577,1,0.0,2026-09-04T06:34:12+00:00
opportunity,98379577,2,0.1284986034469914,2026-09-04T06:34:12+00:00
opportunity,98379577,3,0.06209963545235466,2026-09-04T06:34:12+00:00
opportunity,98379577,4,0.03748683793499622,2026-09-04T06:34:12+00:00
opportunity,98379577,5,0.5048610557365993,2026-09-04T06:34:12+00:00
opportunity,98379577,6,0.0,2026-09-04T06:34:12+00:00
opportunity,98379577,7,0.0,2026-09-04T06:34:12+00:00
opportunity,98379577,8,0.02295388248884621,2026-09-04T06:34:12+00:00
opportunity,98379577,9,0.0029031447214157794,2026-09-04T06:34:12+00:00
opportunity,98379577,10,0.06912954712527589,2026-09-04T06:34:12+00:00
opportunity,98379577,11,0.0,2026-09-04T06:34:12+00:00
opportunity,98379577,12,0.0565228210410031,2026-09-04T06:34:12+00:00
opportunity,98379577,13,0.07189737082618534,2026-09-04T06:34:12+00:00
opportunity,98379579,0,0.09664351683768976,2026-09-04T06:34:12+00:00
opportunity,98379579,1,0.0,2026-09-04T06:34:12+00:00
opportunity,98379579,2,0.037318865791885925,2026-09-04T06:34:12+00:00
opportunity,98379579,3,0.14970473594983635,2026-09-04T06:34:12+00:00
opportunity,98379579,4,0.0,2026-09-04T06:34:12+00:00
opportunity,98379579,5,0.592464819547575,2026-09-04T06:34:12+00:00
opportunity,98379579,6,0.0,2026-09-04T06:34:12+00:00
opportunity,98379579,7,0.031832245270483846,2026-09-04T06:34:12+00:00
opportunity,98379579,8,0.0,2026-09-04T06:34:12+00:00
opportunity,98379579,9,0.0,2026-09-04T06:34:12+00:00
opportunity,98379579,10,0.004285709614923393,2026-09-04T06:34:12+00:00
opportunity,98379579,11,0.0,2026-09-04T06:34:12+00:00
opportunity,98379579,12,0.0,2026-09-04T06:34:12+00:00
opportunity,98379579,13,0.0877501069876056,2026-09-04T06:34:12+00:00
opportunity,98379582,0,0.0,2026-09-04T06:34:12+00:00
opportunity,98379582,1,0.0,2026-09-04T06:34:12+00:00
opportunity,98379582,2,0.06662325683105277,2026-09-04T06:34:12+00:00
opportunity,98379582,3,0.05339117751606729,2026-09-04T06:34:12+00:00
opportunity,98379582,4,0.046899355659540135,2026-09-04T06:34:12+00:00
opportunity,98379582,5,0.5154710763875808,2026-09-04T06:34:12+00:00
opportunity,98379582,6,0.0,2026-09-04T06:34:12+00:00
opportunity,98379582,7,7.042424879858685e-05,2026-09-04T06:34:12+00:00
opportunity,98379582,8,0.0503714770108206,2026-09-04T06:34:12+00:00
opportunity,98379582,9,0.12185491636729022,2026-09-04T06:34:12+00:00
opportunity,98379582,10,0.012166331951649989,2026-09-04T06:34:12+00:00
opportunity,98379582,11,0.0,2026-09-04T06:34:12+00:00
opportunity,98379582,12,0.07550481071489662,2026-09-04T06:34:12+00:00
opportunity,98379582,13,0.05764717331230299,2026-09-04T06:34:12+00:00
opportunity,98379593,0,0.0,2026-09-04T06:34:12+00:00
opportunity,98379593,1,0.0,2026-09-04T06:34:12+00:00
opportunity,98379593,2,0.0,2026-09-04T06:34:12+00:00
opportunity,98379593,3,0.0,2026-09-04T06:34:12+00:00
opportunity,98379593,4,0.003096066005609481,2026-09-04T06:34:12+00:00
opportunity,98379593,5,0.0,2026-09-04T06:34:12+00:00
opportunity,98379593,6,0.0,2026-09-04T06:34:12+00:00
opportunity,98379593,7,0.0,2026-09-04T06:34:12+00:00
opportunity,98379593,8,0.0032799054093500053,2026-09-04T06:34:12+00:00
opportunity,98379593,9,0.0,2026-09-04T06:34:12+00:00
opportunity,98379593,10,0.9822613935813552,2026-09-04T06:34:12+00:00
opportunity,98379593,11,0.0,2026-09-04T06:34:12+00:00
opportunity,98379593,12,0.011362635003685414,2026-09-04T06:34:12+00:00
opportunity,98379593,13,0.0,2026-09-04T06:34:12+00:00
opportunity,98379594,0,0.0,2026-09-04T06:34:12+00:00
opportunity,98379594,1,0.0,2026-09-04T06:34:12+00:00
opportunity,98379594,2,0.0,2026-09-04T06:34:12+00:00
opportunity,98379594,3,0.0,2026-09-04T06:34:12+00:00
opportunity,98379594,4,0.0,2026-09-04T06:34:12+00:00
opportunity,98379594,5,0.0,2026-09-04T06:34:12+00:00
opportunity,98379594,6,0.0,2026-09-04T06:34:12+00:00
opportunity,98379594,7,0.0,2026-09-04T06:34:12+00:00
opportunity,98379594,8,0.0,2026-09-04T06:34:12+00:00
opportunity,98379594,9,0.0,2026-09-04T06:34:12+00:00
opportunity,98379594,10,1.0,2026-09-04T06:34:12+00:00
opportunity,98379594,11,0.0,2026-09-04T06:34:12+00:00
opportunity,98379594,12,0.0,2026-09-04T06:34:12+00:00
opportunity,98379594,13,0.0,2026-09-04T06:34:12+00:00
opportunity,98379597,0,0.0,2026-09-04T06:34:12+00:00
opportunity,98379597,1,0.0,2026-09-04T06:34:12+00:00
opportunity,98379597,2,0.0,2026-09-04T06:34:12+00:00
opportunity,98379597,3,0.0,2026-09-04T06:34:12+00:00
opportunity,98379597,4,0.0,2026-09-04T06:34:12+00:00
opportunity,98379597,5,0.0,2026-09-04T06:34:12+00:00
opportunity,98379597,6,0.0,2026-09-04T06:34:12+00:00
opportunity,98379597,7,0.0,2026-09-04T06:34:12+00:00
opportunity,98379597,8,0.0,2026-09-04T06:34:12+00:00
opportunity,98379597,9,0.0,2026-09-04T06:34:12+00:00
opportunity,98379597,10,1.0,2026-09-04T06:34:12+00:00
opportunity,98379597,11,0.0,2026-09-04T06:34:12+00:00
opportunity,98379597,12,0.0,2026-09-04T06:34:12+00:00
opportunity,98379597,13,0.0,2026-09-04T06:34:12+00:00
opportunity,98379605,0,0.0,2026-09-04T06:34:12+00:00
opportunity,98379605,1,0.0,2026-09-04T06:34:12+00:00
opportunity,98379605,2,0.0,2026-09-04T06:34:12+00:00
opportunity,98379605,3,0.0,2026-09-04T06:34:12+00:00
opportunity,98379605,4,0.0,2026-09-04T06:34:12+00:00
opportunity,98379605,5,0.9771054047776092,2026-09-04T06:34:12+00:00
opportunity,98379605,6,0.0,2026-09-04T06:34:12+00:00
opportunity,98379605,7,0.01247066152260298,2026-09-04T06:34:12+00:00
opportunity,98379605,8,0.0,2026-09-04T06:34:12+00:00
opportunity,98379605,9,0.0,2026-09-04T06:34:12+00:00
opportunity,98379605,10,0.0,2026-09-04T06:34:12+00:00
opportunity,98379605,11,0.010423933699787894,2026-09-04T06:34:12+00:00
opportunity,98379605,12,0.0,2026-09-04T06:34:12+00:00
opportunity,98379605,13,0.0,2026-09-04T06:34:12+00:00
opportunity,98379606,0,0.0,2026-09-04T06:34:12+00:00
opportunity,98379606,1,0.0,2026-09-04T06:34:12+00:00
opportunity,98379606,2,0.0,2026-09-04T06:34:12+00:00
opportunity,98379606,3,0.0,2026-09-04T06:34:12+00:00
opportunity,98379606,4,0.0,2026-09-04T06:34:12+00:00
opportunity,98379606,5,1.0,2026-09-04T06:34:12+00:00
opportunity,98379606,6,0.0,2026-09-04T06:34:12+00:00
opportunity,98379606,7,0.0,2026-09-04T06:34:12+00:00
opportunity,98379606,8,0.0,2026-09-04T06:34:12+00:00
opportunity,98379606,9,0.0,2026-09-04T06:34:12+00:00
opportunity,98379606,10,0.0,2026-09-04T06:34:12+00:00
opportunity,98379606,11,0.0,2026-09-04T06:34:12+00:00
opportunity,98379606,12,0.0,2026-09-04T06:34:12+00:00
opportunity,98379606,13,0.0,2026-09-04T06:34:12+00:00
opportunity,98379607,0,0.0,2026-09-04T06:34:12+00:00
opportunity,98379607,1,0.0,2026-09-04T06:34:12+00:00
opportunity,98379607,2,0.0,2026-09-04T06:34:12+00:00
opportunity,98379607,3,0.0,2026-09-04T06:34:12+00:00
opportunity,98379607,4,0.0,2026-09-04T06:34:12+00:00
opportunity,98379607,5,0.9192281778440566,2026-09-04T06:34:12+00:00
opportunity,98379607,6,0.0,2026-09-04T06:34:12+00:00
opportunity,98379607,7,0.0,2026-09-04T06:34:12+00:00
opportunity,98379607,8,0.0,2026-09-04T06:34:12+00:00
opportunity,98379607,9,0.08077182215594349,2026-09-04T06:34:12+00:00
opportunity,98379607,10,0.0,2026-09-04T06:34:12+00:00
opportunity,98379607,11,0.0,2026-09-04T06:34:12+00:00
opportunity,98379607,12,0.0,2026-09-04T06:34:12+00:00
opportunity,98379607,13,0.0,2026-09-04T06:34:12+00:00
opportunity,98379608,0,0.0,2026-09-04T06:34:12+00:00
opportunity,98379608,1,0.0,2026-09-04T06:34:12+00:00
opportunity,98379608,2,0.0,2026-09-04T06:34:12+00:00
opportunity,98379608,3,0.0,2026-09-04T06:34:12+00:00
opportunity,98379608,4,0.0,2026-09-04T06:34:12+00:00
opportunity,98379608,5,0.9674935548209459,2026-09-04T06:34:12+00:00
opportunity,98379608,6,0.0,2026-09-04T06:34:12+00:00
opportunity,98379608,7,0.0325064451790542,2026-09-04T06:34:12+00:00
opportunity,98379608,8,0.0,2026-09-04T06:34:12+00:00
opportunity,98379608,9,0.0,2026-09-04T06:34:12+00:00
opportunity,98379608,10,0.0,2026-09-04T06:34:12+00:00
opportunity,98379608,11,0.0,2026-09-04T06:34:12+00:00
opportunity,98379608,12,0.0,2026-09-04T06:34:12+00:00
opportunity,98379608,13,0.0,2026-09-04T06:34:12+00:00
opportunity,98379609,0,0.0,2026-09-04T06:34:12+00:00
opportunity,98379609,1,0.0,2026-09-04T06:34:12+00:00
opportunity,98379609,2,0.0,2026-09-04T06:34:12+00:00
opportunity,98379609,3,0.0,2026-09-04T06:34:12+00:00
opportunity,98379609,4,0.0,2026-09-04T06:34:12+00:00
opportunity,98379609,5,0.0,2026-09-04T06:34:12+00:00
opportunity,98379609,6,0.0,2026-09-04T06:34:12+00:00
opportunity,98379609,7,0.0,2026-09-04T06:34:12+00:00
opportunity,98379609,8,0.0,2026-09-04T06:34:12+00:00
opportunity,98379609,9,0.0,2026-09-04T06:34:12+00:00
opportunity,98379609,10,0.0,2026-09-04T06:34:12+00:00
opportunity,98379609,11,0.0,2026-09-04T06:34:12+00:00
opportunity,98379609,12,1.0,2026-09-04T06:34:12+00:00
opportunity,98379609,13,0.0,2026-09-04T06:34:12+00:00
opportunity,98379631,0,0.0,2026-09-04T06:34:12+00:00
opportunity,98379631,1,0.0,2026-09-04T06:34:12+00:00
opportunity,98379631,2,0.03616668797545114,2026-09-04T06:34:12+00:00
opportunity,98379631,3,0.0,2026-09-04T06:34:12+00:00
opportunity,98379631,4,0.0,2026-09-04T06:34:12+00:00
opportunity,98379631,5,0.8992117638032386,2026-09-04T06:34:12+00:00
opportunity,98379631,6,0.0,2026-09-04T06:34:12+00:00
opportunity,98379631,7,0.06462154822131023,2026-09-04T06:34:12+00:00
opportunity,98379631,8,0.0,2026-09-04T06:34:12+00:00
opportunity,98379631,9,0.0,2026-09-04T06:34:12+00:00
opportunity,98379631,10,0.0,2026-09-04T06:34:12+00:00
opportunity,98379631,11,0.0,2026-09-04T06:34:12+00:00
opportunity,98379631,12,0.0,2026-09-04T06:34:12+00:00
opportunity,98379631,13,0.0,2026-09-04T06:34:12+00:00
opportunity,98379632,0,0.0,2026-09-04T06:34:12+00:00
opportunity,98379632,1,0.0,2026-09-04T06:34:12+00:00
opportunity,98379632,2,0.015101894966049193,2026-09-04T06:34:12+00:00
opportunity,98379632,3,0.0,2026-09-04T06:34:12+00:00
opportunity,98379632,4,0.0,2026-09-04T06:34:12+00:00
opportunity,98379632,5,0.9380105108510431,2026-09-04T06:34:12+00:00
opportunity,98379632,6,0.0,2026-09-04T06:34:12+00:00
opportunity,98379632,7,0.046887594182907714,2026-09-04T06:34:12+00:00
opportunity,98379632,8,0.0,2026-09-04T06:34:12+00:00
opportunity,98379632,9,0.0,2026-09-04T06:34:12+00:00
opportunity,98379632,10,0.0,2026-09-04T06:34:12+00:00
opportunity,98379632,11,0.0,2026-09-04T06:34:12+00:00
opportunity,98379632,12,0.0,2026-09-04T06:34:12+00:00
opportunity,98379632,13,0.0,2026-09-04T06:34:12+00:00
opportunity,98379721,0,0.0020536391560216825,2026-09-04T06:34:12+00:00
opportunity,98379721,1,0.0,2026-09-04T06:34:12+00:00
opportunity,98379721,2,0.0,2026-09-04T06:34:12+00:00
opportunity,98379721,3,0.0,2026-09-04T06:34:12+00:00
opportunity,98379721,4,0.0,2026-09-04T06:34:12+00:00
opportunity,98379721,5,0.0,2026-09-04T06:34:12+00:00
opportunity,98379721,6,0.0,2026-09-04T06:34:12+00:00
opportunity,98379721,7,0.0,2026-09-04T06:34:12+00:00
opportunity,98379721,8,0.0,2026-09-04T06:34:12+00:00
opportunity,98379721,9,0.982641986245044,2026-09-04T06:34:12+00:00
opportunity,98379721,10,0.000629273110878461,2026-09-04T06:34:12+00:00
opportunity,98379721,11,0.014675101488056005,2026-09-04T06:34:12+00:00
opportunity,98379721,12,0.0,2026-09-04T06:34:12+00:00
opportunity,98379721,13,0.0,2026-09-04T06:34:12+00:00
opportunity,98379723,0,0.0,2026-09-04T06:34:12+00:00
opportunity,98379723,1,0.0,2026-09-04T06:34:12+00:00
opportunity,98379723,2,0.0,2026-09-04T06:34:12+00:00
opportunity,98379723,3,0.0,2026-09-04T06:34:12+00:00
opportunity,98379723,4,0.0,2026-09-04T06:34:12+00:00
opportunity,98379723,5,0.005988246478668718,2026-09-04T06:34:12+00:00
opportunity,98379723,6,0.0,2026-09-04T06:34:12+00:00
opportunity,98379723,7,0.0,2026-09-04T06:34:12+00:00
opportunity,98379723,8,0.0,2026-09-04T06:34:12+00:00
opportunity,98379723,9,0.9940117535213313,2026-09-04T06:34:12+00:00
opportunity,98379723,10,0.0,2026-09-04T06:34:12+00:00
opportunity,98379723,11,0.0,2026-09-04T06:34:12+00:00
opportunity,98379723,12,0.0,2026-09-04T06:34:12+00:00
opportunity,98379723,13,0.0,2026-09-04T06:34:12+00:00
opportunity,98379724,0,0.0,2026-09-04T06:34:12+00:00
opportunity,98379724,1,0.0,2026-09-04T06:34:12+00:00
opportunity,98379724,2,0.0,2026-09-04T06:34:12+00:00
opportunity,98379724,3,0.0,2026-09-04T06:34:12+00:00
opportunity,98379724,4,0.0,2026-09-04T06:34:12+00:00
opportunity,98379724,5,0.05775215584260496,2026-09-04T06:34:12+00:00
opportunity,98379724,6,0.0,2026-09-04T06:34:12+00:00
opportunity,98379724,7,0.0,2026-09-04T06:34:12+00:00
opportunity,98379724,8,0.0,2026-09-04T06:34:12+00:00
opportunity,98379724,9,0.8875660929918905,2026-09-04T06:34:12+00:00
opportunity,98379724,10,0.016024542885796158,2026-09-04T06:34:12+00:00
opportunity,98379724,11,0.022590961044568734,2026-09-04T06:34:12+00:00
opportunity,98379724,12,0.016066247235139636,2026-09-04T06:34:12+00:00
opportunity,98379724,13,0.0,2026-09-04T06:34:12+00:00
opportunity,98379725,0,0.006413171173192664,2026-09-04T06:34:12+00:00
opportunity,98379725,1,0.0,2026-09-04T06:34:12+00:00
opportunity,98379725,2,0.0,2026-09-04T06:34:12+00:00
opportunity,98379725,3,0.0,2026-09-04T06:34:12+00:00
opportunity,98379725,4,0.0,2026-09-04T06:34:12+00:00
opportunity,98379725,5,0.0,2026-09-04T06:34:12+00:00
opportunity,98379725,6,0.0,2026-09-04T06:34:12+00:00
opportunity,98379725,7,0.0,2026-09-04T06:34:12+00:00
opportunity,98379725,8,0.0,2026-09-04T06:34:12+00:00
opportunity,98379725,9,0.9935868288268074,2026-09-04T06:34:12+00:00
opportunity,98379725,10,0.0,2026-09-04T06:34:12+00:00
opportunity,98379725,11,0.0,2026-09-04T06:34:12+00:00
opportunity,98379725,12,0.0,2026-09-04T06:34:12+00:00
opportunity,98379725,13,0.0,2026-09-04T06:34:12+00:00
opportunity,98379750,0,0.0,2026-09-04T06:34:12+00:00
opportunity,98379750,1,0.0,2026-09-04T06:34:12+00:00
opportunity,98379750,2,0.9274578896032742,2026-09-04T06:34:12+00:00
opportunity,98379750,3,0.0,2026-09-04T06:34:12+00:00
opportunity,98379750,4,0.011881104081223748,2026-09-04T06:34:12+00:00
opportunity,98379750,5,0.0,2026-09-04T06:34:12+00:00
opportunity,98379750,6,0.0,2026-09-04T06:34:12+00:00
opportunity,98379750,7,0.025570461941021194,2026-09-04T06:34:12+00:00
opportunity,98379750,8,0.0,2026-09-04T06:34:12+00:00
opportunity,98379750,9,0.0,2026-09-04T06:34:12+00:00
opportunity,98379750,10,0.0,2026-09-04T06:34:12+00:00
opportunity,98379750,11,0.020843842486706808,2026-09-04T06:34:12+00:00
opportunity,98379750,12,0.01424670188777396,2026-09-04T06:34:12+00:00
opportunity,98379750,13,0.0,2026-09-04T06:34:12+00:00
opportunity,98379754,0,0.0,2026-09-04T06:34:12+00:00
opportunity,98379754,1,0.0,2026-09-04T06:34:12+00:00
opportunity,98379754,2,0.910181550887934,2026-09-04T06:34:12+00:00
opportunity,98379754,3,0.0,2026-09-04T06:34:12+00:00
opportunity,98379754,4,0.06635254877026496,2026-09-04T06:34:12+00:00
opportunity,98379754,5,0.0,2026-09-04T06:34:12+00:00
opportunity,98379754,6,0.0,2026-09-04T06:34:12+00:00
opportunity,98379754,7,0.0,2026-09-04T06:34:12+00:00
opportunity,98379754,8,0.0,2026-09-04T06:34:12+00:00
opportunity,98379754,9,0.02346590034180111,2026-09-04T06:34:12+00:00
opportunity,98379754,10,0.0,2026-09-04T06:34:12+00:00
opportunity,98379754,11,0.0,2026-09-04T06:34:12+00:00
opportunity,98379754,12,0.0,2026-09-04T06:34:12+00:00
opportunity,98379754,13,0.0,2026-09-04T06:34:12+00:00
opportunity,98379760,0,0.0,2026-09-04T06:34:12+00:00
opportunity,98379760,1,0.0,2026-09-04T06:34:12+00:00
opportunity,98379760,2,1.0,2026-09-04T06:34:12+00:00
opportunity,98379760,3,0.0,2026-09-04T06:34:12+00:00
opportunity,98379760,4,0.0,2026-09-04T06:34:12+00:00
opportunity,98379760,5,0.0,2026-09-04T06:34:12+00:00
opportunity,98379760,6,0.0,2026-09-04T06:34:12+00:00
opportunity,98379760,7,0.0,2026-09-04T06:34:12+00:00
opportunity,98379760,8,0.0,2026-09-04T06:34:12+00:00
opportunity,98379760,9,0.0,2026-09-04T06:34:12+00:00
opportunity,98379760,10,0.0,2026-09-04T06:34:12+00:00
opportunity,98379760,11,0.0,2026-09-04T06:34:12+00:00
opportunity,98379760,12,0.0,2026-09-04T06:34:12+00:00
opportunity,98379760,13,0.0,2026-09-04T06:34:12+00:00
opportunity,98379762,0,0.0,2026-09-04T06:34:12+00:00
opportunity,98379762,1,0.0,2026-09-04T06:34:12+00:00
opportunity,98379762,2,1.0,2026-09-04T06:34:12+00:00
opportunity,98379762,3,0.0,2026-09-04T06:34:12+00:00
opportunity,98379762,4,0.0,2026-09-04T06:34:12+00:00
opportunity,98379762,5,0.0,2026-09-04T06:34:12+00:00
opportunity,98379762,6,0.0,2026-09-04T06:34:12+00:00
opportunity,98379762,7,0.0,2026-09-04T06:34:12+00:00
opportunity,98379762,8,0.0,2026-09-04T06:34:12+00:00
opportunity,98379762,9,0.0,2026-09-04T06:34:12+00:00
opportunity,98379762,10,0.0,2026-09-04T06:34:12+00:00
opportunity,98379762,11,0.0,2026-09-04T06:34:12+00:00
opportunity,98379762,12,0.0,2026-09-04T06:34:12+00:00
opportunity,98379762,13,0.0,2026-09-04T06:34:12+00:00
opportunity,98379769,0,0.0,2026-09-04T06:34:12+00:00
opportunity,98379769,1,0.0,2026-09-04T06:34:12+00:00
opportunity,98379769,2,0.0,2026-09-04T06:34:12+00:00
opportunity,98379769,3,0.9939684531045881,2026-09-04T06:34:12+00:00
opportunity,98379769,4,0.0,2026-09-04T06:34:12+00:00
opportunity,98379769,5,0.0,2026-09-04T06:34:12+00:00
opportunity,98379769,6,0.006031546895411823,2026-09-04T06:34:12+00:00
opportunity,98379769,7,0.0,2026-09-04T06:34:12+00:00
opportunity,98379769,8,0.0,2026-09-04T06:34:12+00:00
opportunity,98379769,9,0.0,2026-09-04T06:34:12+00:00
opportunity,98379769,10,0.0,2026-09-04T06:34:12+00:00
opportunity,98379769,11,0.0,2026-09-04T06:34:12+00:00
opportunity,98379769,12,0.0,2026-09-04T06:34:12+00:00
opportunity,98379769,13,0.0,2026-09-04T06:34:12+00:00
opportunity,98379771,0,0.0,2026-09-04T06:34:12+00:00
opportunity,98379771,1,0.0,2026-09-04T06:34:12+00:00
opportunity,98379771,2,0.9568303908016791,2026-09-04T06:34:12+00:00
opportunity,98379771,3,0.0,2026-09-04T06:34:12+00:00
opportunity,98379771,4,0.0,2026-09-04T06:34:12+00:00
opportunity,98379771,5,0.0,2026-09-04T06:34:12+00:00
opportunity,98379771,6,0.0,2026-09-04T06:34:12+00:00
opportunity,98379771,7,0.04316960919832083,2026-09-04T06:34:12+00:00
opportunity,98379771,8,0.0,2026-09-04T06:34:12+00:00
opportunity,98379771,9,0.0,2026-09-04T06:34:12+00:00
opportunity,98379771,10,0.0,2026-09-04T06:34:12+00:00
opportunity,98379771,11,0.0,2026-09-04T06:34:12+00:00
opportunity,98379771,12,0.0,2026-09-04T06:34:12+00:00
opportunity,98379771,13,0.0,2026-09-04T06:34:12+00:00
opportunity,98379784,0,0.0,2026-09-04T06:34:12+00:00
opportunity,98379784,1,0.0,2026-09-04T06:34:12+00:00
opportunity,98379784,2,0.0,2026-09-04T06:34:12+00:00
opportunity,98379784,3,0.0,2026-09-04T06:34:12+00:00
opportunity,98379784,4,0.0,2026-09-04T06:34:12+00:00
opportunity,98379784,5,0.0,2026-09-04T06:34:12+00:00
opportunity,98379784,6,0.0,2026-09-04T06:34:12+00:00
opportunity,98379784,7,0.0,2026-09-04T06:34:12+00:00
opportunity,98379784,8,0.0,2026-09-04T06:34:12+00:00
opportunity,98379784,9,0.0,2026-09-04T06:34:12+00:00
opportunity,98379784,10,0.0,2026-09-04T06:34:12+00:00
opportunity,98379784,11,0.0,2026-09-04T06:34:12+00:00
opportunity,98379784,12,1.0,2026-09-04T06:34:12+00:00
opportunity,98379784,13,0.0,2026-09-04T06:34:12+00:00
opportunity,98379794,0,0.24769471368165483,2026-09-04T06:34:12+00:00
opportunity,98379794,1,0.04172286667745773,2026-09-04T06:34:12+00:00
opportunity,98379794,2,0.0,2026-09-04T06:34:12+00:00
opportunity,98379794,3,0.0,2026-09-04T06:34:12+00:00
opportunity,98379794,4,0.0,2026-09-04T06:34:12+00:00
opportunity,98379794,5,0.0,2026-09-04T06:34:12+00:00
opportunity,98379794,6,0.0,2026-09-04T06:34:12+00:00
opportunity,98379794,7,0.0,2026-09-04T06:34:12+00:00
opportunity,98379794,8,0.0,2026-09-04T06:34:12+00:00
opportunity,98379794,9,0.2666507222339624,2026-09-04T06:34:12+00:00
opportunity,98379794,10,0.0,2026-09-04T06:34:12+00:00
opportunity,98379794,11,0.0,2026-09-04T06:34:12+00:00
opportunity,98379794,12,0.443931697406925,2026-09-04T06:34:12+00:00
opportunity,98379794,13,0.0,2026-09-04T06:34:12+00:00
opportunity,98379796,0,0.29036017285782406,2026-09-04T06:34:12+00:00
opportunity,98379796,1,0.04297984877464717,2026-09-04T06:34:12+00:00
opportunity,98379796,2,0.0,2026-09-04T06:34:12+00:00
opportunity,98379796,3,0.0,2026-09-04T06:34:12+00:00
opportunity,98379796,4,0.0,2026-09-04T06:34:12+00:00
opportunity,98379796,5,0.0,2026-09-04T06:34:12+00:00
opportunity,98379796,6,0.0,2026-09-04T06:34:12+00:00
opportunity,98379796,7,0.0,2026-09-04T06:34:12+00:00
opportunity,98379796,8,0.0,2026-09-04T06:34:12+00:00
opportunity,98379796,9,0.2523757950164854,2026-09-04T06:34:12+00:00
opportunity,98379796,10,0.0,2026-09-04T06:34:12+00:00
opportunity,98379796,11,0.0,2026-09-04T06:34:12+00:00
opportunity,98379796,12,0.4142841833510434,2026-09-04T06:34:12+00:00
opportunity,98379796,13,0.0,2026-09-04T06:34:12+00:00
opportunity,98379800,0,0.254961800073976,2026-09-04T06:34:12+00:00
opportunity,98379800,1,0.04086119576164969,2026-09-04T06:34:12+00:00
opportunity,98379800,2,0.0,2026-09-04T06:34:12+00:00
opportunity,98379800,3,0.0,2026-09-04T06:34:12+00:00
opportunity,98379800,4,0.0,2026-09-04T06:34:12+00:00
opportunity,98379800,5,0.0,2026-09-04T06:34:12+00:00
opportunity,98379800,6,0.0,2026-09-04T06:34:12+00:00
opportunity,98379800,7,0.0,2026-09-04T06:34:12+00:00
opportunity,98379800,8,0.0,2026-09-04T06:34:12+00:00
opportunity,98379800,9,0.35163739727198284,2026-09-04T06:34:12+00:00
opportunity,98379800,10,0.004983983238958436,2026-09-04T06:34:12+00:00
opportunity,98379800,11,0.0,2026-09-04T06:34:12+00:00
opportunity,98379800,12,0.34755562365343307,2026-09-04T06:34:12+00:00
opportunity,98379800,13,0.0,2026-09-04T06:34:12+00:00
opportunity,98379819,0,0.0,2026-09-04T06:34:12+00:00
opportunity,98379819,1,0.0,2026-09-04T06:34:12+00:00
opportunity,98379819,2,0.0,2026-09-04T06:34:12+00:00
opportunity,98379819,3,0.0,2026-09-04T06:34:12+00:00
opportunity,98379819,4,0.0,2026-09-04T06:34:12+00:00
opportunity,98379819,5,0.0,2026-09-04T06:34:12+00:00
opportunity,98379819,6,0.0,2026-09-04T06:34:12+00:00
opportunity,98379819,7,0.001172933543811317,2026-09-04T06:34:12+00:00
opportunity,98379819,8,0.0,2026-09-04T06:34:12+00:00
opportunity,98379819,9,0.0,2026-09-04T06:34:12+00:00
opportunity,98379819,10,0.0,2026-09-04T06:34:12+00:00
opportunity,98379819,11,0.0,2026-09-04T06:34:12+00:00
opportunity,98379819,12,0.0,2026-09-04T06:34:12+00:00
opportunity,98379819,13,0.9988270664561887,2026-09-04T06:34:12+00:00
opportunity,98379902,0,0.0,2026-09-04T06:34:12+00:00
opportunity,98379902,1,0.0,2026-09-04T06:34:12+00:00
opportunity,98379902,2,0.010671791628520064,2026-09-04T06:34:12+00:00
opportunity,98379902,3,0.3178755104774859,2026-09-04T06:34:12+00:00
opportunity,98379902,4,0.0,2026-09-04T06:34:12+00:00
opportunity,98379902,5,0.0,2026-09-04T06:34:12+00:00
opportunity,98379902,6,0.15852609230244089,2026-09-04T06:34:12+00:00
opportunity,98379902,7,0.0,2026-09-04T06:34:12+00:00
opportunity,98379902,8,0.05163847693641113,2026-09-04T06:34:12+00:00
opportunity,98379902,9,0.020486899788828207,2026-09-04T06:34:12+00:00
opportunity,98379902,10,0.1320017945413482,2026-09-04T06:34:12+00:00
opportunity,98379902,11,0.0,2026-09-04T06:34:12+00:00
opportunity,98379902,12,0.037133938220568694,2026-09-04T06:34:12+00:00
opportunity,98379902,13,0.27166549610439683,2026-09-04T06:34:12+00:00
opportunity,98379931,0,0.0,2026-09-04T06:34:12+00:00
opportunity,98379931,1,0.0,2026-09-04T06:34:12+00:00
opportunity,98379931,2,0.013549930913750226,2026-09-04T06:34:12+00:00
opportunity,98379931,3,0.007366169455597232,2026-09-04T06:34:12+00:00
opportunity,98379931,4,0.0,2026-09-04T06:34:12+00:00
opportunity,98379931,5,0.38754372964500666,2026-09-04T06:34:12+00:00
opportunity,98379931,6,0.0,2026-09-04T06:34:12+00:00
opportunity,98379931,7,0.008311684679950249,2026-09-04T06:34:12+00:00
opportunity,98379931,8,0.0,2026-09-04T06:34:12+00:00
opportunity,98379931,9,0.4779596897311015,2026-09-04T06:34:12+00:00
opportunity,98379931,10,0.05135973369496683,2026-09-04T06:34:12+00:00
opportunity,98379931,11,0.0027437634765970745,2026-09-04T06:34:12+00:00
opportunity,98379931,12,0.0511652984030304,2026-09-04T06:34:12+00:00
opportunity,98379931,13,0.0,2026-09-04T06:34:12+00:00
opportunity,98379935,0,0.0,2026-09-04T06:34:12+00:00
opportunity,98379935,1,0.0,2026-09-04T06:34:12+00:00
opportunity,98379935,2,0.0,2026-09-04T06:34:12+00:00
opportunity,98379935,3,0.0,2026-09-04T06:34:12+00:00
opportunity,98379935,4,0.0,2026-09-04T06:34:12+00:00
opportunity,98379935,5,0.4627483209029068,2026-09-04T06:34:12+00:00
opportunity,98379935,6,0.0016048532371427736,2026-09-04T06:34:12+00:00
opportunity,98379935,7,0.0,2026-09-04T06:34:12+00:00
opportunity,98379935,8,0.005021606551040577,2026-09-04T06:34:12+00:00
opportunity,98379935,9,0.33916478017351664,2026-09-04T06:34:12+00:00
opportunity,98379935,10,0.048093900539404606,2026-09-04T06:34:12+00:00
opportunity,98379935,11,0.027274639024448308,2026-09-04T06:34:12+00:00
opportunity,98379935,12,0.11609189957154041,2026-09-04T06:34:12+00:00
opportunity,98379935,13,0.0,2026-09-04T06:34:12+00:00
opportunity,98379953,0,0.012078678260203993,2026-09-04T06:34:12+00:00
opportunity,98379953,1,0.019090864649385943,2026-09-04T06:34:12+00:00
opportunity,98379953,2,0.05344789114727981,2026-09-04T06:34:12+00:00
opportunity,98379953,3,0.30213071231712363,2026-09-04T06:34:12+00:00
opportunity,98379953,4,0.0,2026-09-04T06:34:12+00:00
opportunity,98379953,5,0.007465932052979699,2026-09-04T06:34:12+00:00
opportunity,98379953,6,0.15847790912965387,2026-09-04T06:34:12+00:00
opportunity,98379953,7,0.0023677659399059504,2026-09-04T06:34:12+00:00
opportunity,98379953,8,0.04603366510207656,2026-09-04T06:34:12+00:00
opportunity,98379953,9,0.0,2026-09-04T06:34:12+00:00
opportunity,98379953,10,0.06248205526972196,2026-09-04T06:34:12+00:00
opportunity,98379953,11,0.0,2026-09-04T06:34:12+00:00
opportunity,98379953,12,0.06333894688434301,2026-09-04T06:34:12+00:00
opportunity,98379953,13,0.27308557924732557,2026-09-04T06:34:12+00:00
opportunity,98379994,0,0.0,2026-09-04T06:34:12+00:00
opportunity,98379994,1,0.0,2026-09-04T06:34:12+00:00
opportunity,98379994,2,0.020667041246124496,2026-09-04T06:34:12+00:00
opportunity,98379994,3,0.0,2026-09-04T06:34:12+00:00
opportunity,98379994,4,0.0,2026-09-04T06:34:12+00:00
opportunity,98379994,5,0.0,2026-09-04T06:34:12+00:00
opportunity,98379994,6,0.0,2026-09-04T06:34:12+00:00
opportunity,98379994,7,0.0,2026-09-04T06:34:12+00:00
opportunity,98379994,8,0.0,2026-09-04T06:34:12+00:00
opportunity,98379994,9,0.00901275874305661,2026-09-04T06:34:12+00:00
opportunity,98379994,10,0.0,2026-09-04T06:34:12+00:00
opportunity,98379994,11,0.004982378073593821,2026-09-04T06:34:12+00:00
opportunity,98379994,12,0.007035759595546691,2026-09-04T06:34:12+00:00
opportunity,98379994,13,0.9583020623416784,2026-09-04T06:34:12+00:00
opportunity,98380007,0,0.0,2026-09-04T06:34:12+00:00
opportunity,98380007,1,0.0,2026-09-04T06:34:12+00:00
opportunity,98380007,2,0.0,2026-09-04T06:34:12+00:00
opportunity,98380007,3,0.7815672022412362,2026-09-04T06:34:12+00:00
opportunity,98380007,4,0.10377909802802364,2026-09-04T06:34:12+00:00
opportunity,98380007,5,0.0,2026-09-04T06:34:12+00:00
opportunity,98380007,6,0.0,2026-09-04T06:34:12+00:00
opportunity,98380007,7,0.11465369973074012,2026-09-04T06:34:12+00:00
opportunity,98380007,8,0.0,2026-09-04T06:34:12+00:00
opportunity,98380007,9,0.0,2026-09-04T06:34:12+00:00
opportunity,98380007,10,0.0,2026-09-04T06:34:12+00:00
opportunity,98380007,11,0.0,2026-09-04T06:34:12+00:00
opportunity,98380007,12,0.0,2026-09-04T06:34:12+00:00
opportunity,98380007,13,0.0,2026-09-04T06:34:12+00:00
opportunity,98380038,0,0.0,2026-09-04T06:34:12+00:00
opportunity,98380038,1,0.0,2026-09-04T06:34:12+00:00
opportunity,98380038,2,0.9519278598137093,2026-09-04T06:34:12+00:00
opportunity,98380038,3,0.0,2026-09-04T06:34:12+00:00
opportunity,98380038,4,0.0,2026-09-04T06:34:12+00:00
opportunity,98380038,5,0.0,2026-09-04T06:34:12+00:00
opportunity,98380038,6,0.0,2026-09-04T06:34:12+00:00
opportunity,98380038,7,0.0,2026-09-04T06:34:12+00:00
opportunity,98380038,8,0.0,2026-09-04T06:34:12+00:00
opportunity,98380038,9,0.012109480043388438,2026-09-04T06:34:12+00:00
opportunity,98380038,10,0.0,2026-09-04T06:34:12+00:00
opportunity,98380038,11,0.0,2026-09-04T06:34:12+00:00
opportunity,98380038,12,0.035962660142902246,2026-09-04T06:34:12+00:00
opportunity,98380038,13,0.0,2026-09-04T06:34:12+00:00
opportunity,98380057,0,0.0,2026-09-04T06:34:12+00:00
opportunity,98380057,1,0.0,2026-09-04T06:34:12+00:00
opportunity,98380057,2,1.0,2026-09-04T06:34:12+00:00
opportunity,98380057,3,0.0,2026-09-04T06:34:12+00:00
opportunity,98380057,4,0.0,2026-09-04T06:34:12+00:00
opportunity,98380057,5,0.0,2026-09-04T06:34:12+00:00
opportunity,98380057,6,0.0,2026-09-04T06:34:12+00:00
opportunity,98380057,7,0.0,2026-09-04T06:34:12+00:00
opportunity,98380057,8,0.0,2026-09-04T06:34:12+00:00
opportunity,98380057,9,0.0,2026-09-04T06:34:12+00:00
opportunity,98380057,10,0.0,2026-09-04T06:34:12+00:00
opportunity,98380057,11,0.0,2026-09-04T06:34:12+00:00
opportunity,98380057,12,0.0,2026-09-04T06:34:12+00:00
opportunity,98380057,13,0.0,2026-09-04T06:34:12+00:00
opportunity,98380062,0,0.0,2026-09-04T06:34:12+00:00
opportunity,98380062,1,0.0,2026-09-04T06:34:12+00:00
opportunity,98380062,2,0.9817006108761924,2026-09-04T06:34:12+00:00
opportunity,98380062,3,0.0,2026-09-04T06:34:12+00:00
opportunity,98380062,4,0.0,2026-09-04T06:34:12+00:00
opportunity,98380062,5,0.0,2026-09-04T06:34:12+00:00
opportunity,98380062,6,0.0,2026-09-04T06:34:12+00:00
opportunity,98380062,7,0.01829938912380747,2026-09-04T06:34:12+00:00
opportunity,98380062,8,0.0,2026-09-04T06:34:12+00:00
opportunity,98380062,9,0.0,2026-09-04T06:34:12+00:00
opportunity,98380062,10,0.0,2026-09-04T06:34:12+00:00
opportunity,98380062,11,0.0,2026-09-04T06:34:12+00:00
opportunity,98380062,12,0.0,2026-09-04T06:34:12+00:00
opportunity,98380062,13,0.0,2026-09-04T06:34:12+00:00
opportunity,98380070,0,0.03396577599499794,2026-09-04T06:34:12+00:00
opportunity,98380070,1,0.00930136671669461,2026-09-04T06:34:12+00:00
opportunity,98380070,2,0.016304017336804606,2026-09-04T06:34:12+00:00
opportunity,98380070,3,0.005162577345425456,2026-09-04T06:34:12+00:00
opportunity,98380070,4,0.0,2026-09-04T06:34:12+00:00
opportunity,98380070,5,0.6953124295113903,2026-09-04T06:34:12+00:00
opportunity,98380070,6,0.0,2026-09-04T06:34:12+00:00
opportunity,98380070,7,0.0,2026-09-04T06:34:12+00:00
opportunity,98380070,8,0.025869906448042507,2026-09-04T06:34:12+00:00
opportunity,98380070,9,0.0,2026-09-04T06:34:12+00:00
opportunity,98380070,10,0.0,2026-09-04T06:34:12+00:00
opportunity,98380070,11,0.1508637592339779,2026-09-04T06:34:12+00:00
opportunity,98380070,12,0.05478431434873368,2026-09-04T06:34:12+00:00
opportunity,98380070,13,0.008435853063932993,2026-09-04T06:34:12+00:00
opportunity,98380103,0,0.0,2026-09-04T06:34:12+00:00
opportunity,98380103,1,0.0,2026-09-04T06:34:12+00:00
opportunity,98380103,2,0.0,2026-09-04T06:34:12+00:00
opportunity,98380103,3,0.06737977272067194,2026-09-04T06:34:12+00:00
opportunity,98380103,4,0.0,2026-09-04T06:34:12+00:00
opportunity,98380103,5,0.0,2026-09-04T06:34:12+00:00
opportunity,98380103,6,0.0,2026-09-04T06:34:12+00:00
opportunity,98380103,7,0.0,2026-09-04T06:34:12+00:00
opportunity,98380103,8,0.0,2026-09-04T06:34:12+00:00
opportunity,98380103,9,0.0,2026-09-04T06:34:12+00:00
opportunity,98380103,10,0.0,2026-09-04T06:34:12+00:00
opportunity,98380103,11,0.0,2026-09-04T06:34:12+00:00
opportunity,98380103,12,0.932620227279328,2026-09-04T06:34:12+00:00
opportunity,98380103,13,0.0,2026-09-04T06:34:12+00:00
opportunity,98380118,0,0.0,2026-09-04T06:34:12+00:00
opportunity,98380118,1,0.0,2026-09-04T06:34:12+00:00
opportunity,98380118,2,0.0,2026-09-04T06:34:12+00:00
opportunity,98380118,3,1.0,2026-09-04T06:34:12+00:00
opportunity,98380118,4,0.0,2026-09-04T06:34:12+00:00
opportunity,98380118,5,0.0,2026-09-04T06:34:12+00:00
opportunity,98380118,6,0.0,2026-09-04T06:34:12+00:00
opportunity,98380118,7,0.0,2026-09-04T06:34:12+00:00
opportunity,98380118,8,0.0,2026-09-04T06:34:12+00:00
opportunity,98380118,9,0.0,2026-09-04T06:34:12+00:00
opportunity,98380118,10,0.0,2026-09-04T06:34:12+00:00
opportunity,98380118,11,0.0,2026-09-04T06:34:12+00:00
opportunity,98380118,12,0.0,2026-09-04T06:34:12+00:00
opportunity,98380118,13,0.0,2026-09-04T06:34:12+00:00
opportunity,98380140,0,0.0,2026-09-04T06:34:12+00:00
opportunity,98380140,1,0.0,2026-09-04T06:34:12+00:00
opportunity,98380140,2,0.0,2026-09-04T06:34:12+00:00
opportunity,98380140,3,0.15885594985990834,2026-09-04T06:34:12+00:00
opportunity,98380140,4,0.0,2026-09-04T06:34:12+00:00
opportunity,98380140,5,0.0,2026-09-04T06:34:12+00:00
opportunity,98380140,6,0.0,2026-09-04T06:34:12+00:00
opportunity,98380140,7,0.0,2026-09-04T06:34:12+00:00
opportunity,98380140,8,0.0,2026-09-04T06:34:12+00:00
opportunity,98380140,9,0.0,2026-09-04T06:34:12+00:00
opportunity,98380140,10,0.0,2026-09-04T06:34:12+00:00
opportunity,98380140,11,0.0,2026-09-04T06:34:12+00:00
opportunity,98380140,12,0.8411440501400916,2026-09-04T06:34:12+00:00
opportunity,98380140,13,0.0,2026-09-04T06:34:12+00:00
opportunity,98380146,0,0.011156387880176642,2026-09-04T06:34:12+00:00
opportunity,98380146,1,0.0,2026-09-04T06:34:12+00:00
opportunity,98380146,2,0.0,2026-09-04T06:34:12+00:00
opportunity,98380146,3,0.5864131635679707,2026-09-04T06:34:12+00:00
opportunity,98380146,4,0.01237923208706895,2026-09-04T06:34:12+00:00
opportunity,98380146,5,0.0,2026-09-04T06:34:12+00:00
opportunity,98380146,6,0.0,2026-09-04T06:34:12+00:00
opportunity,98380146,7,0.0,2026-09-04T06:34:12+00:00
opportunity,98380146,8,0.0,2026-09-04T06:34:12+00:00
opportunity,98380146,9,0.05240336641785687,2026-09-04T06:34:12+00:00
opportunity,98380146,10,0.0,2026-09-04T06:34:12+00:00
opportunity,98380146,11,0.0,2026-09-04T06:34:12+00:00
opportunity,98380146,12,0.337647850046927,2026-09-04T06:34:12+00:00
opportunity,98380146,13,0.0,2026-09-04T06:34:12+00:00
opportunity,98380163,0,0.0,2026-09-04T06:34:12+00:00
opportunity,98380163,1,0.0,2026-09-04T06:34:12+00:00
opportunity,98380163,2,0.0,2026-09-04T06:34:12+00:00
opportunity,98380163,3,0.08133817212646027,2026-09-04T06:34:12+00:00
opportunity,98380163,4,0.0,2026-09-04T06:34:12+00:00
opportunity,98380163,5,0.0,2026-09-04T06:34:12+00:00
opportunity,98380163,6,0.0,2026-09-04T06:34:12+00:00
opportunity,98380163,7,0.0,2026-09-04T06:34:12+00:00
opportunity,98380163,8,0.0,2026-09-04T06:34:12+00:00
opportunity,98380163,9,0.0,2026-09-04T06:34:12+00:00
opportunity,98380163,10,0.0,2026-09-04T06:34:12+00:00
opportunity,98380163,11,0.0,2026-09-04T06:34:12+00:00
opportunity,98380163,12,0.8991087878221942,2026-09-04T06:34:12+00:00
opportunity,98380163,13,0.01955304005134552,2026-09-04T06:34:12+00:00
opportunity,98380166,0,0.0,2026-09-04T06:34:12+00:00
opportunity,98380166,1,0.0,2026-09-04T06:34:12+00:00
opportunity,98380166,2,0.0,2026-09-04T06:34:12+00:00
opportunity,98380166,3,0.0,2026-09-04T06:34:12+00:00
opportunity,98380166,4,0.01511187342570915,2026-09-04T06:34:12+00:00
opportunity,98380166,5,0.0,2026-09-04T06:34:12+00:00
opportunity,98380166,6,0.0012658866924388041,2026-09-04T06:34:12+00:00
opportunity,98380166,7,0.0,2026-09-04T06:34:12+00:00
opportunity,98380166,8,0.0,2026-09-04T06:34:12+00:00
opportunity,98380166,9,0.9732802300685061,2026-09-04T06:34:12+00:00
opportunity,98380166,10,0.0,2026-09-04T06:34:12+00:00
opportunity,98380166,11,0.0,2026-09-04T06:34:12+00:00
opportunity,98380166,12,0.0,2026-09-04T06:34:12+00:00
opportunity,98380166,13,0.010342009813346013,2026-09-04T06:34:12+00:00
opportunity,98380167,0,0.0,2026-09-04T06:34:12+00:00
opportunity,98380167,1,0.0,2026-09-04T06:34:12+00:00
opportunity,98380167,2,0.0,2026-09-04T06:34:12+00:00
opportunity,98380167,3,0.0,2026-09-04T06:34:12+00:00
opportunity,98380167,4,0.003835981014935574,2026-09-04T06:34:12+00:00
opportunity,98380167,5,0.0,2026-09-04T06:34:12+00:00
opportunity,98380167,6,0.0,2026-09-04T06:34:12+00:00
opportunity,98380167,7,0.0,2026-09-04T06:34:12+00:00
opportunity,98380167,8,0.0,2026-09-04T06:34:12+00:00
opportunity,98380167,9,0.9941134749954577,2026-09-04T06:34:12+00:00
opportunity,98380167,10,0.0,2026-09-04T06:34:12+00:00
opportunity,98380167,11,0.0,2026-09-04T06:34:12+00:00
opportunity,98380167,12,0.0,2026-09-04T06:34:12+00:00
opportunity,98380167,13,0.002050543989606706,2026-09-04T06:34:12+00:00
opportunity,98380168,0,0.0,2026-09-04T06:34:12+00:00
opportunity,98380168,1,0.007996804613748925,2026-09-04T06:34:12+00:00
opportunity,98380168,2,0.0,2026-09-04T06:34:12+00:00
opportunity,98380168,3,0.0,2026-09-04T06:34:12+00:00
opportunity,98380168,4,0.0,2026-09-04T06:34:12+00:00
opportunity,98380168,5,0.0,2026-09-04T06:34:12+00:00
opportunity,98380168,6,0.0,2026-09-04T06:34:12+00:00
opportunity,98380168,7,0.0,2026-09-04T06:34:12+00:00
opportunity,98380168,8,0.0,2026-09-04T06:34:12+00:00
opportunity,98380168,9,0.992003195386251,2026-09-04T06:34:12+00:00
opportunity,98380168,10,0.0,2026-09-04T06:34:12+00:00
opportunity,98380168,11,0.0,2026-09-04T06:34:12+00:00
opportunity,98380168,12,0.0,2026-09-04T06:34:12+00:00
opportunity,98380168,13,0.0,2026-09-04T06:34:12+00:00
opportunity,98380169,0,0.0,2026-09-04T06:34:12+00:00
opportunity,98380169,1,0.0,2026-09-04T06:34:12+00:00
opportunity,98380169,2,0.0,2026-09-04T06:34:12+00:00
opportunity,98380169,3,0.0,2026-09-04T06:34:12+00:00
opportunity,98380169,4,0.0,2026-09-04T06:34:12+00:00
opportunity,98380169,5,0.0,2026-09-04T06:34:12+00:00
opportunity,98380169,6,0.0,2026-09-04T06:34:12+00:00
opportunity,98380169,7,0.0,2026-09-04T06:34:12+00:00
opportunity,98380169,8,0.0,2026-09-04T06:34:12+00:00
opportunity,98380169,9,1.0,2026-09-04T06:34:12+00:00
opportunity,98380169,10,0.0,2026-09-04T06:34:12+00:00
opportunity,98380169,11,0.0,2026-09-04T06:34:12+00:00
opportunity,98380169,12,0.0,2026-09-04T06:34:12+00:00
opportunity,98380169,13,0.0,2026-09-04T06:34:12+00:00
opportunity,98380170,0,0.0,2026-09-04T06:34:12+00:00
opportunity,98380170,1,0.0021542603732324695,2026-09-04T06:34:12+00:00
opportunity,98380170,2,0.8887126237151739,2026-09-04T06:34:12+00:00
opportunity,98380170,3,0.0,2026-09-04T06:34:12+00:00
opportunity,98380170,4,0.0,2026-09-04T06:34:12+00:00
opportunity,98380170,5,0.008905733074776493,2026-09-04T06:34:12+00:00
opportunity,98380170,6,0.0,2026-09-04T06:34:12+00:00
opportunity,98380170,7,0.010796263693260016,2026-09-04T06:34:12+00:00
opportunity,98380170,8,0.03925306306607832,2026-09-04T06:34:12+00:00
opportunity,98380170,9,0.016141258844901432,2026-09-04T06:34:12+00:00
opportunity,98380170,10,0.0,2026-09-04T06:34:12+00:00
opportunity,98380170,11,0.013858438180109591,2026-09-04T06:34:12+00:00
opportunity,98380170,12,0.006867908464845184,2026-09-04T06:34:12+00:00
opportunity,98380170,13,0.013310450587622443,2026-09-04T06:34:12+00:00
opportunity,98380171,0,0.04405239316489502,2026-09-04T06:34:12+00:00
opportunity,98380171,1,0.0,2026-09-04T06:34:12+00:00
opportunity,98380171,2,0.0023610992795822096,2026-09-04T06:34:12+00:00
opportunity,98380171,3,0.0,2026-09-04T06:34:12+00:00
opportunity,98380171,4,0.11041234638134259,2026-09-04T06:34:12+00:00
opportunity,98380171,5,0.0,2026-09-04T06:34:12+00:00
opportunity,98380171,6,0.01796290136924915,2026-09-04T06:34:12+00:00
opportunity,98380171,7,0.0,2026-09-04T06:34:12+00:00
opportunity,98380171,8,0.0055976603715204975,2026-09-04T06:34:12+00:00
opportunity,98380171,9,0.8196135994334105,2026-09-04T06:34:12+00:00
opportunity,98380171,10,0.0,2026-09-04T06:34:12+00:00
opportunity,98380171,11,0.0,2026-09-04T06:34:12+00:00
opportunity,98380171,12,0.0,2026-09-04T06:34:12+00:00
opportunity,98380171,13,0.0,2026-09-04T06:34:12+00:00
opportunity,98380172,0,0.0357066124291006,2026-09-04T06:34:12+00:00
opportunity,98380172,1,0.0,2026-09-04T06:34:12+00:00
opportunity,98380172,2,0.0,2026-09-04T06:34:12+00:00
opportunity,98380172,3,0.0,2026-09-04T06:34:12+00:00
opportunity,98380172,4,0.07815762827055757,2026-09-04T06:34:12+00:00
opportunity,98380172,5,0.08895580102301102,2026-09-04T06:34:12+00:00
opportunity,98380172,6,0.0,2026-09-04T06:34:12+00:00
opportunity,98380172,7,0.0,2026-09-04T06:34:12+00:00
opportunity,98380172,8,0.0,2026-09-04T06:34:12+00:00
opportunity,98380172,9,0.7971799582773309,2026-09-04T06:34:12+00:00
opportunity,98380172,10,0.0,2026-09-04T06:34:12+00:00
opportunity,98380172,11,0.0,2026-09-04T06:34:12+00:00
opportunity,98380172,12,0.0,2026-09-04T06:34:12+00:00
opportunity,98380172,13,0.0,2026-09-04T06:34:12+00:00
opportunity,98380263,0,0.0,2026-09-04T06:34:12+00:00
opportunity,98380263,1,0.0,2026-09-04T06:34:12+00:00
opportunity,98380263,2,0.9127698873505575,2026-09-04T06:34:12+00:00
opportunity,98380263,3,0.010460594265598285,2026-09-04T06:34:12+00:00
opportunity,98380263,4,0.008761223395092834,2026-09-04T06:34:12+00:00
opportunity,98380263,5,0.029069910678330948,2026-09-04T06:34:12+00:00
opportunity,98380263,6,0.0,2026-09-04T06:34:12+00:00
opportunity,98380263,7,0.0,2026-09-04T06:34:12+00:00
opportunity,98380263,8,0.0,2026-09-04T06:34:12+00:00
opportunity,98380263,9,0.004408794599230227,2026-09-04T06:34:12+00:00
opportunity,98380263,10,0.0,2026-09-04T06:34:12+00:00
opportunity,98380263,11,0.0,2026-09-04T06:34:12+00:00
opportunity,98380263,12,0.0,2026-09-04T06:34:12+00:00
opportunity,98380263,13,0.03452958971119023,2026-09-04T06:34:12+00:00
opportunity,98380294,0,0.5494163550579086,2026-09-04T06:34:12+00:00
opportunity,98380294,1,0.04304475034798806,2026-09-04T06:34:12+00:00
opportunity,98380294,2,0.0,2026-09-04T06:34:12+00:00
opportunity,98380294,3,0.0,2026-09-04T06:34:12+00:00
opportunity,98380294,4,0.0,2026-09-04T06:34:12+00:00
opportunity,98380294,5,0.20681418792576087,2026-09-04T06:34:12+00:00
opportunity,98380294,6,0.0,2026-09-04T06:34:12+00:00
opportunity,98380294,7,0.007587639163150204,2026-09-04T06:34:12+00:00
opportunity,98380294,8,0.06994786355584855,2026-09-04T06:34:12+00:00
opportunity,98380294,9,0.0,2026-09-04T06:34:12+00:00
opportunity,98380294,10,0.12318920394934366,2026-09-04T06:34:12+00:00
opportunity,98380294,11,0.0,2026-09-04T06:34:12+00:00
opportunity,98380294,12,0.0,2026-09-04T06:34:12+00:00
opportunity,98380294,13,0.0,2026-09-04T06:34:12+00:00
opportunity,98380329,0,0.0,2026-09-04T06:34:12+00:00
opportunity,98380329,1,0.0,2026-09-04T06:34:12+00:00
opportunity,98380329,2,0.0,2026-09-04T06:34:12+00:00
opportunity,98380329,3,0.0,2026-09-04T06:34:12+00:00
opportunity,98380329,4,0.0,2026-09-04T06:34:12+00:00
opportunity,98380329,5,0.0,2026-09-04T06:34:12+00:00
opportunity,98380329,6,0.0,2026-09-04T06:34:12+00:00
opportunity,98380329,7,0.0,2026-09-04T06:34:12+00:00
opportunity,98380329,8,1.0,2026-09-04T06:34:12+00:00
opportunity,98380329,9,0.0,2026-09-04T06:34:12+00:00
opportunity,98380329,10,0.0,2026-09-04T06:34:12+00:00
opportunity,98380329,11,0.0,2026-09-04T06:34:12+00:00
opportunity,98380329,12,0.0,2026-09-04T06:34:12+00:00
opportunity,98380329,13,0.0,2026-09-04T06:34:12+00:00
opportunity,98380335,0,0.0,2026-09-04T06:34:12+00:00
opportunity,98380335,1,0.0,2026-09-04T06:34:12+00:00
opportunity,98380335,2,0.0,2026-09-04T06:34:12+00:00
opportunity,98380335,3,0.05399743168315353,2026-09-04T06:34:12+00:00
opportunity,98380335,4,0.0,2026-09-04T06:34:12+00:00
opportunity,98380335,5,0.8513395178405849,2026-09-04T06:34:12+00:00
opportunity,98380335,6,0.043901562351417844,2026-09-04T06:34:12+00:00
opportunity,98380335,7,0.0,2026-09-04T06:34:12+00:00
opportunity,98380335,8,0.0,2026-09-04T06:34:12+00:00
opportunity,98380335,9,0.0,2026-09-04T06:34:12+00:00
opportunity,98380335,10,0.047842586432131955,2026-09-04T06:34:12+00:00
opportunity,98380335,11,0.0,2026-09-04T06:34:12+00:00
opportunity,98380335,12,0.0,2026-09-04T06:34:12+00:00
opportunity,98380335,13,0.0029189016927115125,2026-09-04T06:34:12+00:00
opportunity,98380336,0,0.0,2026-09-04T06:34:12+00:00
opportunity,98380336,1,0.0,2026-09-04T06:34:12+00:00
opportunity,98380336,2,0.0,2026-09-04T06:34:12+00:00
opportunity,98380336,3,0.02105292745740612,2026-09-04T06:34:12+00:00
opportunity,98380336,4,0.0,2026-09-04T06:34:12+00:00
opportunity,98380336,5,0.8781226428607725,2026-09-04T06:34:12+00:00
opportunity,98380336,6,0.047440351431950724,2026-09-04T06:34:12+00:00
opportunity,98380336,7,0.0,2026-09-04T06:34:12+00:00
opportunity,98380336,8,0.0,2026-09-04T06:34:12+00:00
opportunity,98380336,9,0.0,2026-09-04T06:34:12+00:00
opportunity,98380336,10,0.05338407824987069,2026-09-04T06:34:12+00:00
opportunity,98380336,11,0.0,2026-09-04T06:34:12+00:00
opportunity,98380336,12,0.0,2026-09-04T06:34:12+00:00
opportunity,98380336,13,0.0,2026-09-04T06:34:12+00:00
opportunity,98380337,0,0.0,2026-09-04T06:34:12+00:00
opportunity,98380337,1,0.0,2026-09-04T06:34:12+00:00
opportunity,98380337,2,0.0,2026-09-04T06:34:12+00:00
opportunity,98380337,3,0.03810443023669577,2026-09-04T06:34:12+00:00
opportunity,98380337,4,0.0,2026-09-04T06:34:12+00:00
opportunity,98380337,5,0.8501934383296493,2026-09-04T06:34:12+00:00
opportunity,98380337,6,0.04773688570351083,2026-09-04T06:34:12+00:00
opportunity,98380337,7,0.0,2026-09-04T06:34:12+00:00
opportunity,98380337,8,0.0,2026-09-04T06:34:12+00:00
opportunity,98380337,9,0.0,2026-09-04T06:34:12+00:00
opportunity,98380337,10,0.06396524573014399,2026-09-04T06:34:12+00:00
opportunity,98380337,11,0.0,2026-09-04T06:34:12+00:00
opportunity,98380337,12,0.0,2026-09-04T06:34:12+00:00
opportunity,98380337,13,0.0,2026-09-04T06:34:12+00:00
opportunity,98380340,0,0.0,2026-09-04T06:34:12+00:00
opportunity,98380340,1,0.0,2026-09-04T06:34:12+00:00
opportunity,98380340,2,0.0,2026-09-04T06:34:12+00:00
opportunity,98380340,3,0.050215403134252906,2026-09-04T06:34:12+00:00
opportunity,98380340,4,0.0,2026-09-04T06:34:12+00:00
opportunity,98380340,5,0.8438982518953861,2026-09-04T06:34:12+00:00
opportunity,98380340,6,0.050500477199650416,2026-09-04T06:34:12+00:00
opportunity,98380340,7,0.0,2026-09-04T06:34:12+00:00
opportunity,98380340,8,0.0,2026-09-04T06:34:12+00:00
opportunity,98380340,9,0.0,2026-09-04T06:34:12+00:00
opportunity,98380340,10,0.055385867770710556,2026-09-04T06:34:12+00:00
opportunity,98380340,11,0.0,2026-09-04T06:34:12+00:00
opportunity,98380340,12,0.0,2026-09-04T06:34:12+00:00
opportunity,98380340,13,0.0,2026-09-04T06:34:12+00:00
opportunity,98380358,0,0.00846459995415048,2026-09-04T06:34:12+00:00
opportunity,98380358,1,0.0,2026-09-04T06:34:12+00:00
opportunity,98380358,2,0.5821796924018925,2026-09-04T06:34:12+00:00
opportunity,98380358,3,0.3038820478693676,2026-09-04T06:34:12+00:00
opportunity,98380358,4,0.013587180950364085,2026-09-04T06:34:12+00:00
opportunity,98380358,5,0.0,2026-09-04T06:34:12+00:00
opportunity,98380358,6,0.0034757737686521035,2026-09-04T06:34:12+00:00
opportunity,98380358,7,0.0,2026-09-04T06:34:12+00:00
opportunity,98380358,8,0.0,2026-09-04T06:34:12+00:00
opportunity,98380358,9,0.025763489021863942,2026-09-04T06:34:12+00:00
opportunity,98380358,10,0.043727063258463775,2026-09-04T06:34:12+00:00
opportunity,98380358,11,0.01892015277524548,2026-09-04T06:34:12+00:00
opportunity,98380358,12,0.0,2026-09-04T06:34:12+00:00
opportunity,98380358,13,0.0,2026-09-04T06:34:12+00:00
opportunity,98380362,0,0.0,2026-09-04T06:34:12+00:00
opportunity,98380362,1,0.0,2026-09-04T06:34:12+00:00
opportunity,98380362,2,0.0,2026-09-04T06:34:12+00:00
opportunity,98380362,3,0.016885512423496778,2026-09-04T06:34:12+00:00
opportunity,98380362,4,0.9831144875765031,2026-09-04T06:34:12+00:00
opportunity,98380362,5,0.0,2026-09-04T06:34:12+00:00
opportunity,98380362,6,0.0,2026-09-04T06:34:12+00:00
opportunity,98380362,7,0.0,2026-09-04T06:34:12+00:00
opportunity,98380362,8,0.0,2026-09-04T06:34:12+00:00
opportunity,98380362,9,0.0,2026-09-04T06:34:12+00:00
opportunity,98380362,10,0.0,2026-09-04T06:34:12+00:00
opportunity,98380362,11,0.0,2026-09-04T06:34:12+00:00
opportunity,98380362,12,0.0,2026-09-04T06:34:12+00:00
opportunity,98380362,13,0.0,2026-09-04T06:34:12+00:00
opportunity,98380368,0,0.0,2026-09-04T06:34:12+00:00
opportunity,98380368,1,0.0,2026-09-04T06:34:12+00:00
opportunity,98380368,2,0.03686733445489874,2026-09-04T06:34:12+00:00
opportunity,98380368,3,0.2878562406647602,2026-09-04T06:34:12+00:00
opportunity,98380368,4,0.14087650586721776,2026-09-04T06:34:12+00:00
opportunity,98380368,5,0.0,2026-09-04T06:34:12+00:00
opportunity,98380368,6,0.0,2026-09-04T06:34:12+00:00
opportunity,98380368,7,0.23030581040466283,2026-09-04T06:34:12+00:00
opportunity,98380368,8,0.012910456383211947,2026-09-04T06:34:12+00:00
opportunity,98380368,9,0.0,2026-09-04T06:34:12+00:00
opportunity,98380368,10,0.29118365222524856,2026-09-04T06:34:12+00:00
opportunity,98380368,11,0.0,2026-09-04T06:34:12+00:00
opportunity,98380368,12,0.0,2026-09-04T06:34:12+00:00
opportunity,98380368,13,0.0,2026-09-04T06:34:12+00:00
opportunity,98380371,0,0.0,2026-09-04T06:34:12+00:00
opportunity,98380371,1,0.0,2026-09-04T06:34:12+00:00
opportunity,98380371,2,0.6419322976941767,2026-09-04T06:34:12+00:00
opportunity,98380371,3,0.0,2026-09-04T06:34:12+00:00
opportunity,98380371,4,0.007539185016463787,2026-09-04T06:34:12+00:00
opportunity,98380371,5,0.0,2026-09-04T06:34:12+00:00
opportunity,98380371,6,0.0,2026-09-04T06:34:12+00:00
opportunity,98380371,7,0.055410328704592934,2026-09-04T06:34:12+00:00
opportunity,98380371,8,0.28338337035305844,2026-09-04T06:34:12+00:00
opportunity,98380371,9,0.0,2026-09-04T06:34:12+00:00
opportunity,98380371,10,0.0,2026-09-04T06:34:12+00:00
opportunity,98380371,11,0.0,2026-09-04T06:34:12+00:00
opportunity,98380371,12,0.0,2026-09-04T06:34:12+00:00
opportunity,98380371,13,0.01173481823170804,2026-09-04T06:34:12+00:00
opportunity,98380374,0,0.0,2026-09-04T06:34:12+00:00
opportunity,98380374,1,0.0,2026-09-04T06:34:12+00:00
opportunity,98380374,2,0.119525905171789,2026-09-04T06:34:12+00:00
opportunity,98380374,3,0.2921547262705054,2026-09-04T06:34:12+00:00
opportunity,98380374,4,0.12028385228056185,2026-09-04T06:34:12+00:00
opportunity,98380374,5,0.0,2026-09-04T06:34:12+00:00
opportunity,98380374,6,0.0,2026-09-04T06:34:12+00:00
opportunity,98380374,7,0.22856782407932977,2026-09-04T06:34:12+00:00
opportunity,98380374,8,0.009396334183074295,2026-09-04T06:34:12+00:00
opportunity,98380374,9,0.0,2026-09-04T06:34:12+00:00
opportunity,98380374,10,0.22246045782620782,2026-09-04T06:34:12+00:00
opportunity,98380374,11,0.007610900188531836,2026-09-04T06:34:12+00:00
opportunity,98380374,12,0.0,2026-09-04T06:34:12+00:00
opportunity,98380374,13,0.0,2026-09-04T06:34:12+00:00
opportunity,98380376,0,0.0,2026-09-04T06:34:12+00:00
opportunity,98380376,1,0.0,2026-09-04T06:34:12+00:00
opportunity,98380376,2,0.6764498780257774,2026-09-04T06:34:12+00:00
opportunity,98380376,3,0.0,2026-09-04T06:34:12+00:00
opportunity,98380376,4,0.0,2026-09-04T06:34:12+00:00
opportunity,98380376,5,0.0,2026-09-04T06:34:12+00:00
opportunity,98380376,6,0.0,2026-09-04T06:34:12+00:00
opportunity,98380376,7,0.06509115870631005,2026-09-04T06:34:12+00:00
opportunity,98380376,8,0.24766607824007497,2026-09-04T06:34:12+00:00
opportunity,98380376,9,0.0,2026-09-04T06:34:12+00:00
opportunity,98380376,10,0.0,2026-09-04T06:34:12+00:00
opportunity,98380376,11,0.0,2026-09-04T06:34:12+00:00
opportunity,98380376,12,0.0,2026-09-04T06:34:12+00:00
opportunity,98380376,13,0.010792885027837524,2026-09-04T06:34:12+00:00
opportunity,98380389,0,0.01795650836206295,2026-09-04T06:34:12+00:00
opportunity,98380389,1,0.004274824985782081,2026-09-04T06:34:12+00:00
opportunity,98380389,2,0.0,2026-09-04T06:34:12+00:00
opportunity,98380389,3,0.0,2026-09-04T06:34:12+00:00
opportunity,98380389,4,0.1425635086869821,2026-09-04T06:34:12+00:00
opportunity,98380389,5,0.0,2026-09-04T06:34:12+00:00
opportunity,98380389,6,0.0717901106333297,2026-09-04T06:34:12+00:00
opportunity,98380389,7,0.0,2026-09-04T06:34:12+00:00
opportunity,98380389,8,0.0,2026-09-04T06:34:12+00:00
opportunity,98380389,9,0.0,2026-09-04T06:34:12+00:00
opportunity,98380389,10,0.0,2026-09-04T06:34:12+00:00
opportunity,98380389,11,0.0,2026-09-04T06:34:12+00:00
opportunity,98380389,12,0.0,2026-09-04T06:34:12+00:00
opportunity,98380389,13,0.7634150473318432,2026-09-04T06:34:12+00:00
opportunity,98380396,0,0.2121413856144206,2026-09-04T06:34:12+00:00
opportunity,98380396,1,0.09600137796352327,2026-09-04T06:34:12+00:00
opportunity,98380396,2,0.042271898299524484,2026-09-04T06:34:12+00:00
opportunity,98380396,3,0.028022308641211777,2026-09-04T06:34:12+00:00
opportunity,98380396,4,0.0,2026-09-04T06:34:12+00:00
opportunity,98380396,5,0.19697321782150595,2026-09-04T06:34:12+00:00
opportunity,98380396,6,0.03415438364086144,2026-09-04T06:34:12+00:00
opportunity,98380396,7,0.0,2026-09-04T06:34:12+00:00
opportunity,98380396,8,0.0464104207993457,2026-09-04T06:34:12+00:00
opportunity,98380396,9,0.0,2026-09-04T06:34:12+00:00
opportunity,98380396,10,0.0684652219473981,2026-09-04T06:34:12+00:00
opportunity,98380396,11,0.006703616977771081,2026-09-04T06:34:12+00:00
opportunity,98380396,12,0.10760500013986485,2026-09-04T06:34:12+00:00
opportunity,98380396,13,0.16125116815457285,2026-09-04T06:34:12+00:00
opportunity,98380398,0,0.009271711795912966,2026-09-04T06:34:12+00:00
opportunity,98380398,1,0.0,2026-09-04T06:34:12+00:00
opportunity,98380398,2,0.01208861003804217,2026-09-04T06:34:12+00:00
opportunity,98380398,3,0.9435156717380989,2026-09-04T06:34:12+00:00
opportunity,98380398,4,0.0,2026-09-04T06:34:12+00:00
opportunity,98380398,5,0.0,2026-09-04T06:34:12+00:00
opportunity,98380398,6,0.0,2026-09-04T06:34:12+00:00
opportunity,98380398,7,0.03496503687522342,2026-09-04T06:34:12+00:00
opportunity,98380398,8,0.0,2026-09-04T06:34:12+00:00
opportunity,98380398,9,0.0001589695527226122,2026-09-04T06:34:12+00:00
opportunity,98380398,10,0.0,2026-09-04T06:34:12+00:00
opportunity,98380398,11,0.0,2026-09-04T06:34:12+00:00
opportunity,98380398,12,0.0,2026-09-04T06:34:12+00:00
opportunity,98380398,13,0.0,2026-09-04T06:34:12+00:00
opportunity,98380399,0,0.18574548962824833,2026-09-04T06:34:12+00:00
opportunity,98380399,1,0.09485162709609947,2026-09-04T06:34:12+00:00
opportunity,98380399,2,0.032208898417688155,2026-09-04T06:34:12+00:00
opportunity,98380399,3,0.02375129396143104,2026-09-04T06:34:12+00:00
opportunity,98380399,4,0.0013446810799732105,2026-09-04T06:34:12+00:00
opportunity,98380399,5,0.1680440592410407,2026-09-04T06:34:12+00:00
opportunity,98380399,6,0.026567319343426966,2026-09-04T06:34:12+00:00
opportunity,98380399,7,0.003784010359657057,2026-09-04T06:34:12+00:00
opportunity,98380399,8,0.13012620166860991,2026-09-04T06:34:12+00:00
opportunity,98380399,9,0.0,2026-09-04T06:34:12+00:00
opportunity,98380399,10,0.0669518869783609,2026-09-04T06:34:12+00:00
opportunity,98380399,11,0.0,2026-09-04T06:34:12+00:00
opportunity,98380399,12,0.11103532027023864,2026-09-04T06:34:12+00:00
opportunity,98380399,13,0.1555892119552254,2026-09-04T06:34:12+00:00
opportunity,98380401,0,0.0,2026-09-04T06:34:12+00:00
opportunity,98380401,1,0.0,2026-09-04T06:34:12+00:00
opportunity,98380401,2,0.025564061218026863,2026-09-04T06:34:12+00:00
opportunity,98380401,3,0.9646076719230068,2026-09-04T06:34:12+00:00
opportunity,98380401,4,0.0004243819498737873,2026-09-04T06:34:12+00:00
opportunity,98380401,5,0.0,2026-09-04T06:34:12+00:00
opportunity,98380401,6,0.0,2026-09-04T06:34:12+00:00
opportunity,98380401,7,0.0,2026-09-04T06:34:12+00:00
opportunity,98380401,8,0.009403884909092506,2026-09-04T06:34:12+00:00
opportunity,98380401,9,0.0,2026-09-04T06:34:12+00:00
opportunity,98380401,10,0.0,2026-09-04T06:34:12+00:00
opportunity,98380401,11,0.0,2026-09-04T06:34:12+00:00
opportunity,98380401,12,0.0,2026-09-04T06:34:12+00:00
opportunity,98380401,13,0.0,2026-09-04T06:34:12+00:00
opportunity,98380407,0,0.19555866109044748,2026-09-04T06:34:12+00:00
opportunity,98380407,1,0.09513255947731161,2026-09-04T06:34:12+00:00
opportunity,98380407,2,0.06327934317991163,2026-09-04T06:34:12+00:00
opportunity,98380407,3,0.023125820833847663,2026-09-04T06:34:12+00:00
opportunity,98380407,4,0.00348748387878879,2026-09-04T06:34:12+00:00
opportunity,98380407,5,0.16506451731078126,2026-09-04T06:34:12+00:00
opportunity,98380407,6,0.02399231089329932,2026-09-04T06:34:12+00:00
opportunity,98380407,7,0.002593371010873014,2026-09-04T06:34:12+00:00
opportunity,98380407,8,0.09175067424928575,2026-09-04T06:34:12+00:00
opportunity,98380407,9,0.0,2026-09-04T06:34:12+00:00
opportunity,98380407,10,0.06245730830126446,2026-09-04T06:34:12+00:00
opportunity,98380407,11,0.0,2026-09-04T06:34:12+00:00
opportunity,98380407,12,0.09933799827505925,2026-09-04T06:34:12+00:00
opportunity,98380407,13,0.1742199514991298,2026-09-04T06:34:12+00:00
opportunity,98380421,0,0.030941622299205433,2026-09-04T06:34:12+00:00
opportunity,98380421,1,0.0,2026-09-04T06:34:12+00:00
opportunity,98380421,2,0.0,2026-09-04T06:34:12+00:00
opportunity,98380421,3,0.0,2026-09-04T06:34:12+00:00
opportunity,98380421,4,0.7941397661812002,2026-09-04T06:34:12+00:00
opportunity,98380421,5,0.0,2026-09-04T06:34:12+00:00
opportunity,98380421,6,0.03518507680965719,2026-09-04T06:34:12+00:00
opportunity,98380421,7,0.0,2026-09-04T06:34:12+00:00
opportunity,98380421,8,0.0,2026-09-04T06:34:12+00:00
opportunity,98380421,9,0.0,2026-09-04T06:34:12+00:00
opportunity,98380421,10,0.0,2026-09-04T06:34:12+00:00
opportunity,98380421,11,0.0,2026-09-04T06:34:12+00:00
opportunity,98380421,12,0.0,2026-09-04T06:34:12+00:00
opportunity,98380421,13,0.13973353470993724,2026-09-04T06:34:12+00:00
opportunity,98380424,0,0.06470787166702892,2026-09-04T06:34:12+00:00
opportunity,98380424,1,0.0,2026-09-04T06:34:12+00:00
opportunity,98380424,2,0.0,2026-09-04T06:34:12+00:00
opportunity,98380424,3,0.0,2026-09-04T06:34:12+00:00
opportunity,98380424,4,0.6315295799230097,2026-09-04T06:34:12+00:00
opportunity,98380424,5,0.0,2026-09-04T06:34:12+00:00
opportunity,98380424,6,0.0,2026-09-04T06:34:12+00:00
opportunity,98380424,7,0.0,2026-09-04T06:34:12+00:00
opportunity,98380424,8,0.0,2026-09-04T06:34:12+00:00
opportunity,98380424,9,0.28053098103744545,2026-09-04T06:34:12+00:00
opportunity,98380424,10,0.0,2026-09-04T06:34:12+00:00
opportunity,98380424,11,0.019000942188699587,2026-09-04T06:34:12+00:00
opportunity,98380424,12,0.004230625183816403,2026-09-04T06:34:12+00:00
opportunity,98380424,13,0.0,2026-09-04T06:34:12+00:00
opportunity,98380434,0,0.1453868192231467,2026-09-04T06:34:12+00:00
opportunity,98380434,1,0.0,2026-09-04T06:34:12+00:00
opportunity,98380434,2,0.0,2026-09-04T06:34:12+00:00
opportunity,98380434,3,0.0,2026-09-04T06:34:12+00:00
opportunity,98380434,4,0.7494528709246896,2026-09-04T06:34:12+00:00
opportunity,98380434,5,0.054904344256636956,2026-09-04T06:34:12+00:00
opportunity,98380434,6,0.0,2026-09-04T06:34:12+00:00
opportunity,98380434,7,0.0,2026-09-04T06:34:12+00:00
opportunity,98380434,8,0.0,2026-09-04T06:34:12+00:00
opportunity,98380434,9,0.049699736108961404,2026-09-04T06:34:12+00:00
opportunity,98380434,10,0.0,2026-09-04T06:34:12+00:00
opportunity,98380434,11,0.0005562294865653979,2026-09-04T06:34:12+00:00
opportunity,98380434,12,0.0,2026-09-04T06:34:12+00:00
opportunity,98380434,13,0.0,2026-09-04T06:34:12+00:00
opportunity,98380439,0,0.15200356724086705,2026-09-04T06:34:12+00:00
opportunity,98380439,1,0.0,2026-09-04T06:34:12+00:00
opportunity,98380439,2,0.0,2026-09-04T06:34:12+00:00
opportunity,98380439,3,0.0,2026-09-04T06:34:12+00:00
opportunity,98380439,4,0.7178213697629782,2026-09-04T06:34:12+00:00
opportunity,98380439,5,0.0,2026-09-04T06:34:12+00:00
opportunity,98380439,6,0.0,2026-09-04T06:34:12+00:00
opportunity,98380439,7,0.0,2026-09-04T06:34:12+00:00
opportunity,98380439,8,0.0,2026-09-04T06:34:12+00:00
opportunity,98380439,9,0.018091112476890648,2026-09-04T06:34:12+00:00
opportunity,98380439,10,0.0,2026-09-04T06:34:12+00:00
opportunity,98380439,11,0.0,2026-09-04T06:34:12+00:00
opportunity,98380439,12,0.1120839505192641,2026-09-04T06:34:12+00:00
opportunity,98380439,13,0.0,2026-09-04T06:34:12+00:00
opportunity,98380453,0,0.3174108036653868,2026-09-04T06:34:12+00:00
opportunity,98380453,1,0.020311757894370668,2026-09-04T06:34:12+00:00
opportunity,98380453,2,0.0,2026-09-04T06:34:12+00:00
opportunity,98380453,3,0.0,2026-09-04T06:34:12+00:00
opportunity,98380453,4,0.23521951489263668,2026-09-04T06:34:12+00:00
opportunity,98380453,5,0.0,2026-09-04T06:34:12+00:00
opportunity,98380453,6,0.24477595630559806,2026-09-04T06:34:12+00:00
opportunity,98380453,7,0.0,2026-09-04T06:34:12+00:00
opportunity,98380453,8,0.0,2026-09-04T06:34:12+00:00
opportunity,98380453,9,0.0,2026-09-04T06:34:12+00:00
opportunity,98380453,10,0.0,2026-09-04T06:34:12+00:00
opportunity,98380453,11,0.020762126831703753,2026-09-04T06:34:12+00:00
opportunity,98380453,12,0.0,2026-09-04T06:34:12+00:00
opportunity,98380453,13,0.16151984041030412,2026-09-04T06:34:12+00:00
opportunity,98380458,0,0.19553634273284687,2026-09-04T06:34:12+00:00
opportunity,98380458,1,0.02496410612189488,2026-09-04T06:34:12+00:00
opportunity,98380458,2,0.08479630865268738,2026-09-04T06:34:12+00:00
opportunity,98380458,3,0.0,2026-09-04T06:34:12+00:00
opportunity,98380458,4,0.1675729828242663,2026-09-04T06:34:12+00:00
opportunity,98380458,5,0.07782489551780078,2026-09-04T06:34:12+00:00
opportunity,98380458,6,0.35648702745066024,2026-09-04T06:34:12+00:00
opportunity,98380458,7,0.0,2026-09-04T06:34:12+00:00
opportunity,98380458,8,0.03787798653034792,2026-09-04T06:34:12+00:00
opportunity,98380458,9,0.0,2026-09-04T06:34:12+00:00
opportunity,98380458,10,0.0,2026-09-04T06:34:12+00:00
opportunity,98380458,11,0.054940350169495715,2026-09-04T06:34:12+00:00
opportunity,98380458,12,0.0,2026-09-04T06:34:12+00:00
opportunity,98380458,13,0.0,2026-09-04T06:34:12+00:00
opportunity,98380478,0,0.0,2026-09-04T06:34:12+00:00
opportunity,98380478,1,0.0,2026-09-04T06:34:12+00:00
opportunity,98380478,2,0.0,2026-09-04T06:34:12+00:00
opportunity,98380478,3,0.0,2026-09-04T06:34:12+00:00
opportunity,98380478,4,0.0,2026-09-04T06:34:12+00:00
opportunity,98380478,5,0.0,2026-09-04T06:34:12+00:00
opportunity,98380478,6,0.0,2026-09-04T06:34:12+00:00
opportunity,98380478,7,1.0,2026-09-04T06:34:12+00:00
opportunity,98380478,8,0.0,2026-09-04T06:34:12+00:00
opportunity,98380478,9,0.0,2026-09-04T06:34:12+00:00
opportunity,98380478,10,0.0,2026-09-04T06:34:12+00:00
opportunity,98380478,11,0.0,2026-09-04T06:34:12+00:00
opportunity,98380478,12,0.0,2026-09-04T06:34:12+00:00
opportunity,98380478,13,0.0,2026-09-04T06:34:12+00:00
opportunity,98380502,0,0.10762500066154086,2026-09-04T06:34:12+00:00
opportunity,98380502,1,0.040364864450083346,2026-09-04T06:34:12+00:00
opportunity,98380502,2,0.07572617183710147,2026-09-04T06:34:12+00:00
opportunity,98380502,3,0.0028563968116512763,2026-09-04T06:34:12+00:00
opportunity,98380502,4,0.14089106164418178,2026-09-04T06:34:12+00:00
opportunity,98380502,5,0.0075118790648424786,2026-09-04T06:34:12+00:00
opportunity,98380502,6,0.050347656901420755,2026-09-04T06:34:12+00:00
opportunity,98380502,7,0.0,2026-09-04T06:34:12+00:00
opportunity,98380502,8,0.2704468480903287,2026-09-04T06:34:12+00:00
opportunity,98380502,9,0.0,2026-09-04T06:34:12+00:00
opportunity,98380502,10,0.0,2026-09-04T06:34:12+00:00
opportunity,98380502,11,0.0,2026-09-04T06:34:12+00:00
opportunity,98380502,12,0.0,2026-09-04T06:34:12+00:00
opportunity,98380502,13,0.3042301205388491,2026-09-04T06:34:12+00:00
opportunity,98380506,0,0.14212973806340928,2026-09-04T06:34:12+00:00
opportunity,98380506,1,0.0711925417731264,2026-09-04T06:34:12+00:00
opportunity,98380506,2,0.03683777320497497,2026-09-04T06:34:12+00:00
opportunity,98380506,3,0.0009237625442236618,2026-09-04T06:34:12+00:00
opportunity,98380506,4,0.12875474022908076,2026-09-04T06:34:12+00:00
opportunity,98380506,5,0.006440668016889985,2026-09-04T06:34:12+00:00
opportunity,98380506,6,0.06239727108640223,2026-09-04T06:34:12+00:00
opportunity,98380506,7,0.0,2026-09-04T06:34:12+00:00
opportunity,98380506,8,0.26075817324724465,2026-09-04T06:34:12+00:00
opportunity,98380506,9,0.0,2026-09-04T06:34:12+00:00
opportunity,98380506,10,0.0,2026-09-04T06:34:12+00:00
opportunity,98380506,11,0.007497838499919323,2026-09-04T06:34:12+00:00
opportunity,98380506,12,0.0,2026-09-04T06:34:12+00:00
opportunity,98380506,13,0.2830674933347286,2026-09-04T06:34:12+00:00
opportunity,98380507,0,0.06040642554683606,2026-09-04T06:34:12+00:00
opportunity,98380507,1,0.03848014842693656,2026-09-04T06:34:12+00:00
opportunity,98380507,2,0.08395675202439176,2026-09-04T06:34:12+00:00
opportunity,98380507,3,0.006843931968039603,2026-09-04T06:34:12+00:00
opportunity,98380507,4,0.09030770853629966,2026-09-04T06:34:12+00:00
opportunity,98380507,5,0.0003943100006736721,2026-09-04T06:34:12+00:00
opportunity,98380507,6,0.04215118916743316,2026-09-04T06:34:12+00:00
opportunity,98380507,7,0.0,2026-09-04T06:34:12+00:00
opportunity,98380507,8,0.5115204422670638,2026-09-04T06:34:12+00:00
opportunity,98380507,9,0.0,2026-09-04T06:34:12+00:00
opportunity,98380507,10,0.0,2026-09-04T06:34:12+00:00
opportunity,98380507,11,0.001870108966800222,2026-09-04T06:34:12+00:00
opportunity,98380507,12,0.0,2026-09-04T06:34:12+00:00
opportunity,98380507,13,0.16406898309552553,2026-09-04T06:34:12+00:00
opportunity,98380509,0,0.19402963697795667,2026-09-04T06:34:12+00:00
opportunity,98380509,1,0.03978142366289108,2026-09-04T06:34:12+00:00
opportunity,98380509,2,0.05101130705939137,2026-09-04T06:34:12+00:00
opportunity,98380509,3,0.03417216176231613,2026-09-04T06:34:12+00:00
opportunity,98380509,4,0.09870543227194159,2026-09-04T06:34:12+00:00
opportunity,98380509,5,0.0,2026-09-04T06:34:12+00:00
opportunity,98380509,6,0.009703408348620268,2026-09-04T06:34:12+00:00
opportunity,98380509,7,0.014790225067986417,2026-09-04T06:34:12+00:00
opportunity,98380509,8,0.26124667551182057,2026-09-04T06:34:12+00:00
opportunity,98380509,9,0.0,2026-09-04T06:34:12+00:00
opportunity,98380509,10,0.014479355353463003,2026-09-04T06:34:12+00:00
opportunity,98380509,11,0.0,2026-09-04T06:34:12+00:00
opportunity,98380509,12,0.0,2026-09-04T06:34:12+00:00
opportunity,98380509,13,0.28208037398361296,2026-09-04T06:34:12+00:00
opportunity,98380514,0,0.0,2026-09-04T06:34:12+00:00
opportunity,98380514,1,0.03549717449873866,2026-09-04T06:34:12+00:00
opportunity,98380514,2,0.0,2026-09-04T06:34:12+00:00
opportunity,98380514,3,0.0,2026-09-04T06:34:12+00:00
opportunity,98380514,4,0.0,2026-09-04T06:34:12+00:00
opportunity,98380514,5,0.909765617380623,2026-09-04T06:34:12+00:00
opportunity,98380514,6,0.0,2026-09-04T06:34:12+00:00
opportunity,98380514,7,0.0,2026-09-04T06:34:12+00:00
opportunity,98380514,8,0.033892228504135855,2026-09-04T06:34:12+00:00
opportunity,98380514,9,0.0,2026-09-04T06:34:12+00:00
opportunity,98380514,10,0.0,2026-09-04T06:34:12+00:00
opportunity,98380514,11,0.020844979616502442,2026-09-04T06:34:12+00:00
opportunity,98380514,12,0.0,2026-09-04T06:34:12+00:00
opportunity,98380514,13,0.0,2026-09-04T06:34:12+00:00
opportunity,98380516,0,0.0,2026-09-04T06:34:12+00:00
opportunity,98380516,1,0.01975350028116714,2026-09-04T06:34:12+00:00
opportunity,98380516,2,0.0,2026-09-04T06:34:12+00:00
opportunity,98380516,3,0.37123461227151855,2026-09-04T06:34:12+00:00
opportunity,98380516,4,0.018384588312260957,2026-09-04T06:34:12+00:00
opportunity,98380516,5,0.0,2026-09-04T06:34:12+00:00
opportunity,98380516,6,0.08945245085536371,2026-09-04T06:34:12+00:00
opportunity,98380516,7,0.0,2026-09-04T06:34:12+00:00
opportunity,98380516,8,0.041735287652339775,2026-09-04T06:34:12+00:00
opportunity,98380516,9,0.032674786344004766,2026-09-04T06:34:12+00:00
opportunity,98380516,10,0.08335648315634822,2026-09-04T06:34:12+00:00
opportunity,98380516,11,0.0,2026-09-04T06:34:12+00:00
opportunity,98380516,12,0.03730289645331422,2026-09-04T06:34:12+00:00
opportunity,98380516,13,0.3061053946736826,2026-09-04T06:34:12+00:00
opportunity,98380517,0,0.0,2026-09-04T06:34:12+00:00
opportunity,98380517,1,0.02171924593759806,2026-09-04T06:34:12+00:00
opportunity,98380517,2,0.0,2026-09-04T06:34:12+00:00
opportunity,98380517,3,0.0,2026-09-04T06:34:12+00:00
opportunity,98380517,4,0.0,2026-09-04T06:34:12+00:00
opportunity,98380517,5,0.9655919205891123,2026-09-04T06:34:12+00:00
opportunity,98380517,6,0.0,2026-09-04T06:34:12+00:00
opportunity,98380517,7,0.0,2026-09-04T06:34:12+00:00
opportunity,98380517,8,0.012688833473289711,2026-09-04T06:34:12+00:00
opportunity,98380517,9,0.0,2026-09-04T06:34:12+00:00
opportunity,98380517,10,0.0,2026-09-04T06:34:12+00:00
opportunity,98380517,11,0.0,2026-09-04T06:34:12+00:00
opportunity,98380517,12,0.0,2026-09-04T06:34:12+00:00
opportunity,98380517,13,0.0,2026-09-04T06:34:12+00:00
opportunity,98380522,0,0.0,2026-09-04T06:34:12+00:00
opportunity,98380522,1,0.0,2026-09-04T06:34:12+00:00
opportunity,98380522,2,0.0,2026-09-04T06:34:12+00:00
opportunity,98380522,3,0.0,2026-09-04T06:34:12+00:00
opportunity,98380522,4,0.0,2026-09-04T06:34:12+00:00
opportunity,98380522,5,0.0,2026-09-04T06:34:12+00:00
opportunity,98380522,6,0.0,2026-09-04T06:34:12+00:00
opportunity,98380522,7,0.9830032108354152,2026-09-04T06:34:12+00:00
opportunity,98380522,8,0.010539267977778951,2026-09-04T06:34:12+00:00
opportunity,98380522,9,9.739850961896488e-05,2026-09-04T06:34:12+00:00
opportunity,98380522,10,0.0,2026-09-04T06:34:12+00:00
opportunity,98380522,11,0.0,2026-09-04T06:34:12+00:00
opportunity,98380522,12,0.0,2026-09-04T06:34:12+00:00
opportunity,98380522,13,0.006360122677186758,2026-09-04T06:34:12+00:00
opportunity,98380559,0,1.0,2026-09-04T06:34:12+00:00
opportunity,98380559,1,0.0,2026-09-04T06:34:12+00:00
opportunity,98380559,2,0.0,2026-09-04T06:34:12+00:00
opportunity,98380559,3,0.0,2026-09-04T06:34:12+00:00
opportunity,98380559,4,0.0,2026-09-04T06:34:12+00:00
opportunity,98380559,5,0.0,2026-09-04T06:34:12+00:00
opportunity,98380559,6,0.0,2026-09-04T06:34:12+00:00
opportunity,98380559,7,0.0,2026-09-04T06:34:12+00:00
opportunity,98380559,8,0.0,2026-09-04T06:34:12+00:00
opportunity,98380559,9,0.0,2026-09-04T06:34:12+00:00
opportunity,98380559,10,0.0,2026-09-04T06:34:12+00:00
opportunity,98380559,11,0.0,2026-09-04T06:34:12+00:00
opportunity,98380559,12,0.0,2026-09-04T06:34:12+00:00
opportunity,98380559,13,0.0,2026-09-04T06:34:12+00:00
opportunity,98380566,0,0.8799745366649746,2026-09-04T06:34:12+00:00
opportunity,98380566,1,0.0,2026-09-04T06:34:12+00:00
opportunity,98380566,2,0.0,2026-09-04T06:34:12+00:00
opportunity,98380566,3,0.0,2026-09-04T06:34:12+00:00
opportunity,98380566,4,0.0,2026-09-04T06:34:12+00:00
opportunity,98380566,5,0.0,2026-09-04T06:34:12+00:00
opportunity,98380566,6,0.0,2026-09-04T06:34:12+00:00
opportunity,98380566,7,0.0,2026-09-04T06:34:12+00:00
opportunity,98380566,8,0.0,2026-09-04T06:34:12+00:00
opportunity,98380566,9,0.12002546333502541,2026-09-04T06:34:12+00:00
opportunity,98380566,10,0.0,2026-09-04T06:34:12+00:00
opportunity,98380566,11,0.0,2026-09-04T06:34:12+00:00
opportunity,98380566,12,0.0,2026-09-04T06:34:12+00:00
opportunity,98380566,13,0.0,2026-09-04T06:34:12+00:00
opportunity,98380604,0,0.008110940928563104,2026-09-04T06:34:12+00:00
opportunity,98380604,1,0.030402792467503645,2026-09-04T06:34:12+00:00
opportunity,98380604,2,0.0,2026-09-04T06:34:12+00:00
opportunity,98380604,3,0.0,2026-09-04T06:34:12+00:00
opportunity,98380604,4,0.0,2026-09-04T06:34:12+00:00
opportunity,98380604,5,0.10100645094315064,2026-09-04T06:34:12+00:00
opportunity,98380604,6,0.008391515045882827,2026-09-04T06:34:12+00:00
opportunity,98380604,7,0.0,2026-09-04T06:34:12+00:00
opportunity,98380604,8,0.010092315045900057,2026-09-04T06:34:12+00:00
opportunity,98380604,9,0.0011873220099149885,2026-09-04T06:34:12+00:00
opportunity,98380604,10,0.0,2026-09-04T06:34:12+00:00
opportunity,98380604,11,0.003914430824363655,2026-09-04T06:34:12+00:00
opportunity,98380604,12,0.0,2026-09-04T06:34:12+00:00
opportunity,98380604,13,0.8368942327347211,2026-09-04T06:34:12+00:00
opportunity,98380608,0,0.11155812604611115,2026-09-04T06:34:12+00:00
opportunity,98380608,1,0.0,2026-09-04T06:34:12+00:00
opportunity,98380608,2,0.0,2026-09-04T06:34:12+00:00
opportunity,98380608,3,0.0,2026-09-04T06:34:12+00:00
opportunity,98380608,4,0.008002711581049052,2026-09-04T06:34:12+00:00
opportunity,98380608,5,0.0,2026-09-04T06:34:12+00:00
opportunity,98380608,6,0.01864836774344924,2026-09-04T06:34:12+00:00
opportunity,98380608,7,0.014650738197193293,2026-09-04T06:34:12+00:00
opportunity,98380608,8,0.0,2026-09-04T06:34:12+00:00
opportunity,98380608,9,0.0,2026-09-04T06:34:12+00:00
opportunity,98380608,10,0.047286774335115044,2026-09-04T06:34:12+00:00
opportunity,98380608,11,0.01098778728693234,2026-09-04T06:34:12+00:00
opportunity,98380608,12,0.7200149074171404,2026-09-04T06:34:12+00:00
opportunity,98380608,13,0.06885058739300946,2026-09-04T06:34:12+00:00
opportunity,98380609,0,0.0,2026-09-04T06:34:12+00:00
opportunity,98380609,1,0.02117472354813254,2026-09-04T06:34:12+00:00
opportunity,98380609,2,0.0,2026-09-04T06:34:12+00:00
opportunity,98380609,3,0.005546169431559306,2026-09-04T06:34:12+00:00
opportunity,98380609,4,0.0,2026-09-04T06:34:12+00:00
opportunity,98380609,5,0.03698849300074988,2026-09-04T06:34:12+00:00
opportunity,98380609,6,0.0,2026-09-04T06:34:12+00:00
opportunity,98380609,7,0.02076144343068806,2026-09-04T06:34:12+00:00
opportunity,98380609,8,0.02758375744445865,2026-09-04T06:34:12+00:00
opportunity,98380609,9,0.0,2026-09-04T06:34:12+00:00
opportunity,98380609,10,0.0,2026-09-04T06:34:12+00:00
opportunity,98380609,11,0.004329670531111205,2026-09-04T06:34:12+00:00
opportunity,98380609,12,0.0,2026-09-04T06:34:12+00:00
opportunity,98380609,13,0.8836157426133004,2026-09-04T06:34:12+00:00
opportunity,98380628,0,0.0,2026-09-04T06:34:12+00:00
opportunity,98380628,1,0.0,2026-09-04T06:34:12+00:00
opportunity,98380628,2,0.0,2026-09-04T06:34:12+00:00
opportunity,98380628,3,0.8746397424244681,2026-09-04T06:34:12+00:00
opportunity,98380628,4,0.05093135385950934,2026-09-04T06:34:12+00:00
opportunity,98380628,5,0.0,2026-09-04T06:34:12+00:00
opportunity,98380628,6,0.0,2026-09-04T06:34:12+00:00
opportunity,98380628,7,0.04151275397532055,2026-09-04T06:34:12+00:00
opportunity,98380628,8,0.0024952811079062944,2026-09-04T06:34:12+00:00
opportunity,98380628,9,0.03042086863279565,2026-09-04T06:34:12+00:00
opportunity,98380628,10,0.0,2026-09-04T06:34:12+00:00
opportunity,98380628,11,0.0,2026-09-04T06:34:12+00:00
opportunity,98380628,12,0.0,2026-09-04T06:34:12+00:00
opportunity,98380628,13,0.0,2026-09-04T06:34:12+00:00
opportunity,98380669,0,0.0,2026-09-04T06:34:12+00:00
opportunity,98380669,1,0.004406530639054783,2026-09-04T06:34:12+00:00
opportunity,98380669,2,0.0,2026-09-04T06:34:12+00:00
opportunity,98380669,3,0.0,2026-09-04T06:34:12+00:00
opportunity,98380669,4,0.0,2026-09-04T06:34:12+00:00
opportunity,98380669,5,0.0037511522343819047,2026-09-04T06:34:12+00:00
opportunity,98380669,6,0.0,2026-09-04T06:34:12+00:00
opportunity,98380669,7,0.0,2026-09-04T06:34:12+00:00
opportunity,98380669,8,0.004786888417899591,2026-09-04T06:34:12+00:00
opportunity,98380669,9,0.3095676969062397,2026-09-04T06:34:12+00:00
opportunity,98380669,10,0.07081057781033186,2026-09-04T06:34:12+00:00
opportunity,98380669,11,0.0,2026-09-04T06:34:12+00:00
opportunity,98380669,12,0.6066771539920922,2026-09-04T06:34:12+00:00
opportunity,98380669,13,0.0,2026-09-04T06:34:12+00:00
opportunity,98380674,0,0.48705054399128506,2026-09-04T06:34:12+00:00
opportunity,98380674,1,0.03438188223370327,2026-09-04T06:34:12+00:00
opportunity,98380674,2,0.023053385692308755,2026-09-04T06:34:12+00:00
opportunity,98380674,3,0.06800033774314393,2026-09-04T06:34:12+00:00
opportunity,98380674,4,0.02515667443943971,2026-09-04T06:34:12+00:00
opportunity,98380674,5,0.3088176627649347,2026-09-04T06:34:12+00:00
opportunity,98380674,6,0.0,2026-09-04T06:34:12+00:00
opportunity,98380674,7,0.04525705668554409,2026-09-04T06:34:12+00:00
opportunity,98380674,8,0.0,2026-09-04T06:34:12+00:00
opportunity,98380674,9,0.0,2026-09-04T06:34:12+00:00
opportunity,98380674,10,0.0,2026-09-04T06:34:12+00:00
opportunity,98380674,11,0.008282456449640556,2026-09-04T06:34:12+00:00
opportunity,98380674,12,0.0,2026-09-04T06:34:12+00:00
opportunity,98380674,13,0.0,2026-09-04T06:34:12+00:00
opportunity,98380675,0,0.0,2026-09-04T06:34:12+00:00
opportunity,98380675,1,0.01023778727867959,2026-09-04T06:34:12+00:00
opportunity,98380675,2,0.0,2026-09-04T06:34:12+00:00
opportunity,98380675,3,0.0,2026-09-04T06:34:12+00:00
opportunity,98380675,4,0.0,2026-09-04T06:34:12+00:00
opportunity,98380675,5,0.0,2026-09-04T06:34:12+00:00
opportunity,98380675,6,0.005372403018291761,2026-09-04T06:34:12+00:00
opportunity,98380675,7,0.0,2026-09-04T06:34:12+00:00
opportunity,98380675,8,0.0,2026-09-04T06:34:12+00:00
opportunity,98380675,9,0.3437436515041359,2026-09-04T06:34:12+00:00
opportunity,98380675,10,0.08136612866355952,2026-09-04T06:34:12+00:00
opportunity,98380675,11,0.0,2026-09-04T06:34:12+00:00
opportunity,98380675,12,0.5592800295353333,2026-09-04T06:34:12+00:00
opportunity,98380675,13,0.0,2026-09-04T06:34:12+00:00
opportunity,98380679,0,0.1029925922313359,2026-09-04T06:34:12+00:00
opportunity,98380679,1,0.0,2026-09-04T06:34:12+00:00
opportunity,98380679,2,0.015868019047402586,2026-09-04T06:34:12+00:00
opportunity,98380679,3,0.06419384370755794,2026-09-04T06:34:12+00:00
opportunity,98380679,4,0.0,2026-09-04T06:34:12+00:00
opportunity,98380679,5,0.0,2026-09-04T06:34:12+00:00
opportunity,98380679,6,0.07349673020277911,2026-09-04T06:34:12+00:00
opportunity,98380679,7,0.02817120004284724,2026-09-04T06:34:12+00:00
opportunity,98380679,8,0.0,2026-09-04T06:34:12+00:00
opportunity,98380679,9,0.0,2026-09-04T06:34:12+00:00
opportunity,98380679,10,0.014298164870914032,2026-09-04T06:34:12+00:00
opportunity,98380679,11,0.0,2026-09-04T06:34:12+00:00
opportunity,98380679,12,0.6052676312198352,2026-09-04T06:34:12+00:00
opportunity,98380679,13,0.09571181867732813,2026-09-04T06:34:12+00:00
opportunity,98380681,0,0.48413420677980556,2026-09-04T06:34:12+00:00
opportunity,98380681,1,0.03352953955498663,2026-09-04T06:34:12+00:00
opportunity,98380681,2,0.014573158602014292,2026-09-04T06:34:12+00:00
opportunity,98380681,3,0.06889037870258896,2026-09-04T06:34:12+00:00
opportunity,98380681,4,0.031051826048857964,2026-09-04T06:34:12+00:00
opportunity,98380681,5,0.2970539767646982,2026-09-04T06:34:12+00:00
opportunity,98380681,6,0.0,2026-09-04T06:34:12+00:00
opportunity,98380681,7,0.04998800963249054,2026-09-04T06:34:12+00:00
opportunity,98380681,8,0.0,2026-09-04T06:34:12+00:00
opportunity,98380681,9,0.0,2026-09-04T06:34:12+00:00
opportunity,98380681,10,0.0,2026-09-04T06:34:12+00:00
opportunity,98380681,11,0.018982876149206594,2026-09-04T06:34:12+00:00
opportunity,98380681,12,0.0,2026-09-04T06:34:12+00:00
opportunity,98380681,13,0.0017960277653513523,2026-09-04T06:34:12+00:00
opportunity,98380687,0,0.9450552797839217,2026-09-04T06:34:12+00:00
opportunity,98380687,1,0.0,2026-09-04T06:34:12+00:00
opportunity,98380687,2,0.0,2026-09-04T06:34:12+00:00
opportunity,98380687,3,0.0,2026-09-04T06:34:12+00:00
opportunity,98380687,4,0.0,2026-09-04T06:34:12+00:00
opportunity,98380687,5,0.0,2026-09-04T06:34:12+00:00
opportunity,98380687,6,0.0,2026-09-04T06:34:12+00:00
opportunity,98380687,7,0.0,2026-09-04T06:34:12+00:00
opportunity,98380687,8,0.0,2026-09-04T06:34:12+00:00
opportunity,98380687,9,0.0,2026-09-04T06:34:12+00:00
opportunity,98380687,10,0.0,2026-09-04T06:34:12+00:00
opportunity,98380687,11,0.054944720216078345,2026-09-04T06:34:12+00:00
opportunity,98380687,12,0.0,2026-09-04T06:34:12+00:00
opportunity,98380687,13,0.0,2026-09-04T06:34:12+00:00
opportunity,98380691,0,0.4757560142010174,2026-09-04T06:34:12+00:00
opportunity,98380691,1,0.0342756759915128,2026-09-04T06:34:12+00:00
opportunity,98380691,2,0.021130273705558276,2026-09-04T06:34:12+00:00
opportunity,98380691,3,0.045024911624833686,2026-09-04T06:34:12+00:00
opportunity,98380691,4,0.0317875262702109,2026-09-04T06:34:12+00:00
opportunity,98380691,5,0.30588121046312694,2026-09-04T06:34:12+00:00
opportunity,98380691,6,0.0,2026-09-04T06:34:12+00:00
opportunity,98380691,7,0.0557408656295513,2026-09-04T06:34:12+00:00
opportunity,98380691,8,0.0,2026-09-04T06:34:12+00:00
opportunity,98380691,9,0.0,2026-09-04T06:34:12+00:00
opportunity,98380691,10,0.0,2026-09-04T06:34:12+00:00
opportunity,98380691,11,0.019164796631004673,2026-09-04T06:34:12+00:00
opportunity,98380691,12,0.0,2026-09-04T06:34:12+00:00
opportunity,98380691,13,0.01123872548318406,2026-09-04T06:34:12+00:00
opportunity,98380696,0,0.4565731291581278,2026-09-04T06:34:12+00:00
opportunity,98380696,1,0.03467986210571463,2026-09-04T06:34:12+00:00
opportunity,98380696,2,0.006143145977907082,2026-09-04T06:34:12+00:00
opportunity,98380696,3,0.0505437596553834,2026-09-04T06:34:12+00:00
opportunity,98380696,4,0.05707520462161158,2026-09-04T06:34:12+00:00
opportunity,98380696,5,0.2709463819211286,2026-09-04T06:34:12+00:00
opportunity,98380696,6,0.0,2026-09-04T06:34:12+00:00
opportunity,98380696,7,0.046990968981376946,2026-09-04T06:34:12+00:00
opportunity,98380696,8,0.0,2026-09-04T06:34:12+00:00
opportunity,98380696,9,0.0,2026-09-04T06:34:12+00:00
opportunity,98380696,10,0.0,2026-09-04T06:34:12+00:00
opportunity,98380696,11,0.02800254541313208,2026-09-04T06:34:12+00:00
opportunity,98380696,12,0.0,2026-09-04T06:34:12+00:00
opportunity,98380696,13,0.0490450021656178,2026-09-04T06:34:12+00:00
opportunity,98380702,0,0.0,2026-09-04T06:34:12+00:00
opportunity,98380702,1,0.030112994212598655,2026-09-04T06:34:12+00:00
opportunity,98380702,2,0.84316087870402,2026-09-04T06:34:12+00:00
opportunity,98380702,3,0.0,2026-09-04T06:34:12+00:00
opportunity,98380702,4,0.0,2026-09-04T06:34:12+00:00
opportunity,98380702,5,0.0,2026-09-04T06:34:12+00:00
opportunity,98380702,6,0.05441377715786782,2026-09-04T06:34:12+00:00
opportunity,98380702,7,0.0,2026-09-04T06:34:12+00:00
opportunity,98380702,8,0.0,2026-09-04T06:34:12+00:00
opportunity,98380702,9,0.0,2026-09-04T06:34:12+00:00
opportunity,98380702,10,0.0,2026-09-04T06:34:12+00:00
opportunity,98380702,11,0.02520793287340806,2026-09-04T06:34:12+00:00
opportunity,98380702,12,0.0,2026-09-04T06:34:12+00:00
opportunity,98380702,13,0.0471044170521055,2026-09-04T06:34:12+00:00
opportunity,98380703,0,0.2753551017944779,2026-09-04T06:34:12+00:00
opportunity,98380703,1,0.00790430404764884,2026-09-04T06:34:12+00:00
opportunity,98380703,2,0.1642645012528732,2026-09-04T06:34:12+00:00
opportunity,98380703,3,0.05103197389534334,2026-09-04T06:34:12+00:00
opportunity,98380703,4,0.0,2026-09-04T06:34:12+00:00
opportunity,98380703,5,0.09688972204946003,2026-09-04T06:34:12+00:00
opportunity,98380703,6,0.0,2026-09-04T06:34:12+00:00
opportunity,98380703,7,0.00358311883225881,2026-09-04T06:34:12+00:00
opportunity,98380703,8,0.009717651029418638,2026-09-04T06:34:12+00:00
opportunity,98380703,9,0.0805561630968478,2026-09-04T06:34:12+00:00
opportunity,98380703,10,0.056426743105537226,2026-09-04T06:34:12+00:00
opportunity,98380703,11,0.04663464393195279,2026-09-04T06:34:12+00:00
opportunity,98380703,12,0.1655188997497072,2026-09-04T06:34:12+00:00
opportunity,98380703,13,0.042117177214474236,2026-09-04T06:34:12+00:00
opportunity,98380741,0,0.8748787486072576,2026-09-04T06:34:12+00:00
opportunity,98380741,1,0.0,2026-09-04T06:34:12+00:00
opportunity,98380741,2,0.0,2026-09-04T06:34:12+00:00
opportunity,98380741,3,0.0,2026-09-04T06:34:12+00:00
opportunity,98380741,4,0.007642990025288205,2026-09-04T06:34:12+00:00
opportunity,98380741,5,0.0,2026-09-04T06:34:12+00:00
opportunity,98380741,6,0.0,2026-09-04T06:34:12+00:00
opportunity,98380741,7,0.0,2026-09-04T06:34:12+00:00
opportunity,98380741,8,0.0,2026-09-04T06:34:12+00:00
opportunity,98380741,9,0.012085266812075675,2026-09-04T06:34:12+00:00
opportunity,98380741,10,0.0,2026-09-04T06:34:12+00:00
opportunity,98380741,11,0.0,2026-09-04T06:34:12+00:00
opportunity,98380741,12,0.0,2026-09-04T06:34:12+00:00
opportunity,98380741,13,0.1053929945553785,2026-09-04T06:34:12+00:00
opportunity,98380750,0,0.7760605792591979,2026-09-04T06:34:12+00:00
opportunity,98380750,1,0.0,2026-09-04T06:34:12+00:00
opportunity,98380750,2,0.0,2026-09-04T06:34:12+00:00
opportunity,98380750,3,0.0,2026-09-04T06:34:12+00:00
opportunity,98380750,4,0.03154581553953937,2026-09-04T06:34:12+00:00
opportunity,98380750,5,0.0,2026-09-04T06:34:12+00:00
opportunity,98380750,6,0.0,2026-09-04T06:34:12+00:00
opportunity,98380750,7,0.0,2026-09-04T06:34:12+00:00
opportunity,98380750,8,0.0,2026-09-04T06:34:12+00:00
opportunity,98380750,9,0.021180061065365557,2026-09-04T06:34:12+00:00
opportunity,98380750,10,0.02315525191619534,2026-09-04T06:34:12+00:00
opportunity,98380750,11,0.0,2026-09-04T06:34:12+00:00
opportunity,98380750,12,0.13310546963187542,2026-09-04T06:34:12+00:00
opportunity,98380750,13,0.014952822587826528,2026-09-04T06:34:12+00:00
opportunity,98380903,0,0.035500487952504586,2026-09-04T06:34:12+00:00
opportunity,98380903,1,0.0,2026-09-04T06:34:12+00:00
opportunity,98380903,2,0.050556044407912615,2026-09-04T06:34:12+00:00
opportunity,98380903,3,0.0,2026-09-04T06:34:12+00:00
opportunity,98380903,4,0.0,2026-09-04T06:34:12+00:00
opportunity,98380903,5,0.9002349568842983,2026-09-04T06:34:12+00:00
opportunity,98380903,6,0.0005934029246571521,2026-09-04T06:34:12+00:00
opportunity,98380903,7,0.0,2026-09-04T06:34:12+00:00
opportunity,98380903,8,0.007674836723165018,2026-09-04T06:34:12+00:00
opportunity,98380903,9,0.0,2026-09-04T06:34:12+00:00
opportunity,98380903,10,0.00018489169838993585,2026-09-04T06:34:12+00:00
opportunity,98380903,11,0.0,2026-09-04T06:34:12+00:00
opportunity,98380903,12,0.0,2026-09-04T06:34:12+00:00
opportunity,98380903,13,0.005255379409072408,2026-09-04T06:34:12+00:00
opportunity,98380915,0,0.0,2026-09-04T06:34:12+00:00
opportunity,98380915,1,0.0,2026-09-04T06:34:12+00:00
opportunity,98380915,2,0.0,2026-09-04T06:34:12+00:00
opportunity,98380915,3,0.0,2026-09-04T06:34:12+00:00
opportunity,98380915,4,0.0,2026-09-04T06:34:12+00:00
opportunity,98380915,5,0.0,2026-09-04T06:34:12+00:00
opportunity,98380915,6,0.0,2026-09-04T06:34:12+00:00
opportunity,98380915,7,0.0,2026-09-04T06:34:12+00:00
opportunity,98380915,8,1.0,2026-09-04T06:34:12+00:00
opportunity,98380915,9,0.0,2026-09-04T06:34:12+00:00
opportunity,98380915,10,0.0,2026-09-04T06:34:12+00:00
opportunity,98380915,11,0.0,2026-09-04T06:34:12+00:00
opportunity,98380915,12,0.0,2026-09-04T06:34:12+00:00
opportunity,98380915,13,0.0,2026-09-04T06:34:12+00:00
opportunity,98380916,0,0.0,2026-09-04T06:34:12+00:00
opportunity,98380916,1,0.0,2026-09-04T06:34:12+00:00
opportunity,98380916,2,0.20549377731486024,2026-09-04T06:34:12+00:00
opportunity,98380916,3,0.03224692830241239,2026-09-04T06:34:12+00:00
opportunity,98380916,4,0.013517597217073794,2026-09-04T06:34:12+00:00
opportunity,98380916,5,0.0,2026-09-04T06:34:12+00:00
opportunity,98380916,6,0.0,2026-09-04T06:34:12+00:00
opportunity,98380916,7,0.06900432355159204,2026-09-04T06:34:12+00:00
opportunity,98380916,8,0.5982633652363513,2026-09-04T06:34:12+00:00
opportunity,98380916,9,0.061662766687211996,2026-09-04T06:34:12+00:00
opportunity,98380916,10,0.0,2026-09-04T06:34:12+00:00
opportunity,98380916,11,0.0,2026-09-04T06:34:12+00:00
opportunity,98380916,12,0.01981124169049824,2026-09-04T06:34:12+00:00
opportunity,98380916,13,0.0,2026-09-04T06:34:12+00:00
opportunity,98380922,0,0.0,2026-09-04T06:34:12+00:00
opportunity,98380922,1,0.0,2026-09-04T06:34:12+00:00
opportunity,98380922,2,0.0,2026-09-04T06:34:12+00:00
opportunity,98380922,3,0.0,2026-09-04T06:34:12+00:00
opportunity,98380922,4,0.0,2026-09-04T06:34:12+00:00
opportunity,98380922,5,0.0,2026-09-04T06:34:12+00:00
opportunity,98380922,6,0.0,2026-09-04T06:34:12+00:00
opportunity,98380922,7,0.027632839624001804,2026-09-04T06:34:12+00:00
opportunity,98380922,8,0.9723671603759982,2026-09-04T06:34:12+00:00
opportunity,98380922,9,0.0,2026-09-04T06:34:12+00:00
opportunity,98380922,10,0.0,2026-09-04T06:34:12+00:00
opportunity,98380922,11,0.0,2026-09-04T06:34:12+00:00
opportunity,98380922,12,0.0,2026-09-04T06:34:12+00:00
opportunity,98380922,13,0.0,2026-09-04T06:34:12+00:00
opportunity,98380932,0,0.0,2026-09-04T06:34:12+00:00
opportunity,98380932,1,0.0,2026-09-04T06:34:12+00:00
opportunity,98380932,2,0.1668735490835369,2026-09-04T06:34:12+00:00
opportunity,98380932,3,0.05058516748535338,2026-09-04T06:34:12+00:00
opportunity,98380932,4,0.0,2026-09-04T06:34:12+00:00
opportunity,98380932,5,0.0,2026-09-04T06:34:12+00:00
opportunity,98380932,6,0.0,2026-09-04T06:34:12+00:00
opportunity,98380932,7,0.01391653179549672,2026-09-04T06:34:12+00:00
opportunity,98380932,8,0.6647924024348012,2026-09-04T06:34:12+00:00
opportunity,98380932,9,0.07225097242816887,2026-09-04T06:34:12+00:00
opportunity,98380932,10,0.031581376772643055,2026-09-04T06:34:12+00:00
opportunity,98380932,11,0.0,2026-09-04T06:34:12+00:00
opportunity,98380932,12,0.0,2026-09-04T06:34:12+00:00
opportunity,98380932,13,0.0,2026-09-04T06:34:12+00:00
opportunity,98380943,0,0.0,2026-09-04T06:34:12+00:00
opportunity,98380943,1,0.0013404004005073376,2026-09-04T06:34:12+00:00
opportunity,98380943,2,0.007826693144418107,2026-09-04T06:34:12+00:00
opportunity,98380943,3,0.7878749280308671,2026-09-04T06:34:12+00:00
opportunity,98380943,4,0.03305828161910315,2026-09-04T06:34:12+00:00
opportunity,98380943,5,0.0,2026-09-04T06:34:12+00:00
opportunity,98380943,6,0.05272590133336279,2026-09-04T06:34:12+00:00
opportunity,98380943,7,0.009081456271524336,2026-09-04T06:34:12+00:00
opportunity,98380943,8,0.06263762403395187,2026-09-04T06:34:12+00:00
opportunity,98380943,9,0.0,2026-09-04T06:34:12+00:00
opportunity,98380943,10,0.0025463798528502068,2026-09-04T06:34:12+00:00
opportunity,98380943,11,0.0,2026-09-04T06:34:12+00:00
opportunity,98380943,12,0.0,2026-09-04T06:34:12+00:00
opportunity,98380943,13,0.04290833531341506,2026-09-04T06:34:12+00:00
opportunity,98380963,0,0.0,2026-09-04T06:34:12+00:00
opportunity,98380963,1,0.0,2026-09-04T06:34:12+00:00
opportunity,98380963,2,0.002727612283342729,2026-09-04T06:34:12+00:00
opportunity,98380963,3,0.37511801021331104,2026-09-04T06:34:12+00:00
opportunity,98380963,4,0.0,2026-09-04T06:34:12+00:00
opportunity,98380963,5,0.02691885357625928,2026-09-04T06:34:12+00:00
opportunity,98380963,6,0.035037069181965995,2026-09-04T06:34:12+00:00
opportunity,98380963,7,0.0,2026-09-04T06:34:12+00:00
opportunity,98380963,8,0.0,2026-09-04T06:34:12+00:00
opportunity,98380963,9,0.0,2026-09-04T06:34:12+00:00
opportunity,98380963,10,0.478334072381223,2026-09-04T06:34:12+00:00
opportunity,98380963,11,0.07008879828147109,2026-09-04T06:34:12+00:00
opportunity,98380963,12,0.0,2026-09-04T06:34:12+00:00
opportunity,98380963,13,0.01177558408242702,2026-09-04T06:34:12+00:00
opportunity,98380972,0,0.07061219128203858,2026-09-04T06:34:12+00:00
opportunity,98380972,1,0.0,2026-09-04T06:34:12+00:00
opportunity,98380972,2,0.0,2026-09-04T06:34:12+00:00
opportunity,98380972,3,0.0,2026-09-04T06:34:12+00:00
opportunity,98380972,4,0.0,2026-09-04T06:34:12+00:00
opportunity,98380972,5,0.0,2026-09-04T06:34:12+00:00
opportunity,98380972,6,0.024230638347630572,2026-09-04T06:34:12+00:00
opportunity,98380972,7,0.0111147515897023,2026-09-04T06:34:12+00:00
opportunity,98380972,8,0.006278958094942598,2026-09-04T06:34:12+00:00
opportunity,98380972,9,0.0,2026-09-04T06:34:12+00:00
opportunity,98380972,10,0.0,2026-09-04T06:34:12+00:00
opportunity,98380972,11,0.01001422760956986,2026-09-04T06:34:12+00:00
opportunity,98380972,12,0.8545766775410303,2026-09-04T06:34:12+00:00
opportunity,98380972,13,0.023172555535085845,2026-09-04T06:34:12+00:00
opportunity,98380977,0,0.0,2026-09-04T06:34:12+00:00
opportunity,98380977,1,0.013339929206941723,2026-09-04T06:34:12+00:00
opportunity,98380977,2,0.0,2026-09-04T06:34:12+00:00
opportunity,98380977,3,0.0,2026-09-04T06:34:12+00:00
opportunity,98380977,4,0.03463143878297238,2026-09-04T06:34:12+00:00
opportunity,98380977,5,0.03237796724745199,2026-09-04T06:34:12+00:00
opportunity,98380977,6,0.029972708654685317,2026-09-04T06:34:12+00:00
opportunity,98380977,7,0.0,2026-09-04T06:34:12+00:00
opportunity,98380977,8,0.6933258495119531,2026-09-04T06:34:12+00:00
opportunity,98380977,9,0.022913549085193368,2026-09-04T06:34:12+00:00
opportunity,98380977,10,0.0773079921916948,2026-09-04T06:34:12+00:00
opportunity,98380977,11,0.0,2026-09-04T06:34:12+00:00
opportunity,98380977,12,0.0,2026-09-04T06:34:12+00:00
opportunity,98380977,13,0.09613056531910727,2026-09-04T06:34:12+00:00
opportunity,98380980,0,0.0,2026-09-04T06:34:12+00:00
opportunity,98380980,1,0.014761538852995278,2026-09-04T06:34:12+00:00
opportunity,98380980,2,0.0,2026-09-04T06:34:12+00:00
opportunity,98380980,3,0.0,2026-09-04T06:34:12+00:00
opportunity,98380980,4,0.0,2026-09-04T06:34:12+00:00
opportunity,98380980,5,0.0,2026-09-04T06:34:12+00:00
opportunity,98380980,6,0.0,2026-09-04T06:34:12+00:00
opportunity,98380980,7,0.0,2026-09-04T06:34:12+00:00
opportunity,98380980,8,0.7655328712347043,2026-09-04T06:34:12+00:00
opportunity,98380980,9,0.02759742968129121,2026-09-04T06:34:12+00:00
opportunity,98380980,10,0.08999120264625392,2026-09-04T06:34:12+00:00
opportunity,98380980,11,0.019719007716780056,2026-09-04T06:34:12+00:00
opportunity,98380980,12,0.0,2026-09-04T06:34:12+00:00
opportunity,98380980,13,0.08239794986797522,2026-09-04T06:34:12+00:00
opportunity,98380981,0,0.0,2026-09-04T06:34:12+00:00
opportunity,98380981,1,0.0,2026-09-04T06:34:12+00:00
opportunity,98380981,2,0.0,2026-09-04T06:34:12+00:00
opportunity,98380981,3,0.3888170030161009,2026-09-04T06:34:12+00:00
opportunity,98380981,4,0.0,2026-09-04T06:34:12+00:00
opportunity,98380981,5,0.0,2026-09-04T06:34:12+00:00
opportunity,98380981,6,0.009574497554417126,2026-09-04T06:34:12+00:00
opportunity,98380981,7,0.0,2026-09-04T06:34:12+00:00
opportunity,98380981,8,0.0,2026-09-04T06:34:12+00:00
opportunity,98380981,9,0.0,2026-09-04T06:34:12+00:00
opportunity,98380981,10,0.5039829347599326,2026-09-04T06:34:12+00:00
opportunity,98380981,11,0.052460825799267724,2026-09-04T06:34:12+00:00
opportunity,98380981,12,0.04516473887028175,2026-09-04T06:34:12+00:00
opportunity,98380981,13,0.0,2026-09-04T06:34:12+00:00
opportunity,98380998,0,0.0,2026-09-04T06:34:12+00:00
opportunity,98380998,1,0.0003827403092172039,2026-09-04T06:34:12+00:00
opportunity,98380998,2,0.2109481130606831,2026-09-04T06:34:12+00:00
opportunity,98380998,3,0.013006738896315645,2026-09-04T06:34:12+00:00
opportunity,98380998,4,0.0,2026-09-04T06:34:12+00:00
opportunity,98380998,5,0.015155555630221374,2026-09-04T06:34:12+00:00
opportunity,98380998,6,0.006117027623520547,2026-09-04T06:34:12+00:00
opportunity,98380998,7,0.0,2026-09-04T06:34:12+00:00
opportunity,98380998,8,0.46617905520008596,2026-09-04T06:34:12+00:00
opportunity,98380998,9,0.039324402893222705,2026-09-04T06:34:12+00:00
opportunity,98380998,10,0.0,2026-09-04T06:34:12+00:00
opportunity,98380998,11,0.0,2026-09-04T06:34:12+00:00
opportunity,98380998,12,0.1169520149025614,2026-09-04T06:34:12+00:00
opportunity,98380998,13,0.1319343514841721,2026-09-04T06:34:12+00:00
opportunity,98381000,0,0.0,2026-09-04T06:34:12+00:00
opportunity,98381000,1,0.005426078010836512,2026-09-04T06:34:12+00:00
opportunity,98381000,2,0.0,2026-09-04T06:34:12+00:00
opportunity,98381000,3,0.39696977120413257,2026-09-04T06:34:12+00:00
opportunity,98381000,4,0.0,2026-09-04T06:34:12+00:00
opportunity,98381000,5,0.06943414787273341,2026-09-04T06:34:12+00:00
opportunity,98381000,6,0.0,2026-09-04T06:34:12+00:00
opportunity,98381000,7,0.0,2026-09-04T06:34:12+00:00
opportunity,98381000,8,0.0054639459127547385,2026-09-04T06:34:12+00:00
opportunity,98381000,9,0.0751572455979264,2026-09-04T06:34:12+00:00
opportunity,98381000,10,0.4289810868317068,2026-09-04T06:34:12+00:00
opportunity,98381000,11,0.018567724569909638,2026-09-04T06:34:12+00:00
opportunity,98381000,12,0.0,2026-09-04T06:34:12+00:00
opportunity,98381000,13,0.0,2026-09-04T06:34:12+00:00
opportunity,98381009,0,0.0,2026-09-04T06:34:12+00:00
opportunity,98381009,1,0.027368861612573476,2026-09-04T06:34:12+00:00
opportunity,98381009,2,0.3146478707843526,2026-09-04T06:34:12+00:00
opportunity,98381009,3,0.012598938345072606,2026-09-04T06:34:12+00:00
opportunity,98381009,4,0.0,2026-09-04T06:34:12+00:00
opportunity,98381009,5,0.08376351770601856,2026-09-04T06:34:12+00:00
opportunity,98381009,6,0.017143641336063376,2026-09-04T06:34:12+00:00
opportunity,98381009,7,0.0,2026-09-04T06:34:12+00:00
opportunity,98381009,8,0.3617796493544634,2026-09-04T06:34:12+00:00
opportunity,98381009,9,0.029976730861518797,2026-09-04T06:34:12+00:00
opportunity,98381009,10,0.0,2026-09-04T06:34:12+00:00
opportunity,98381009,11,0.0,2026-09-04T06:34:12+00:00
opportunity,98381009,12,0.10830239032267533,2026-09-04T06:34:12+00:00
opportunity,98381009,13,0.044418399677261876,2026-09-04T06:34:12+00:00
opportunity,98381017,0,0.0,2026-09-04T06:34:12+00:00
opportunity,98381017,1,0.01707151462454549,2026-09-04T06:34:12+00:00
opportunity,98381017,2,0.20186822396466889,2026-09-04T06:34:12+00:00
opportunity,98381017,3,0.0,2026-09-04T06:34:12+00:00
opportunity,98381017,4,0.0,2026-09-04T06:34:12+00:00
opportunity,98381017,5,0.05514403147923812,2026-09-04T06:34:12+00:00
opportunity,98381017,6,0.015659718465480813,2026-09-04T06:34:12+00:00
opportunity,98381017,7,0.0,2026-09-04T06:34:12+00:00
opportunity,98381017,8,0.49802478447120524,2026-09-04T06:34:12+00:00
opportunity,98381017,9,0.010263103872246689,2026-09-04T06:34:12+00:00
opportunity,98381017,10,0.0,2026-09-04T06:34:12+00:00
opportunity,98381017,11,0.0,2026-09-04T06:34:12+00:00
opportunity,98381017,12,0.12919389632280256,2026-09-04T06:34:12+00:00
opportunity,98381017,13,0.07277472679981221,2026-09-04T06:34:12+00:00
opportunity,98381022,0,0.0,2026-09-04T06:34:12+00:00
opportunity,98381022,1,0.0,2026-09-04T06:34:12+00:00
opportunity,98381022,2,0.3681604800684704,2026-09-04T06:34:12+00:00
opportunity,98381022,3,0.023405064791050104,2026-09-04T06:34:12+00:00
opportunity,98381022,4,0.0,2026-09-04T06:34:12+00:00
opportunity,98381022,5,0.02903462540675881,2026-09-04T06:34:12+00:00
opportunity,98381022,6,0.0029791782070665604,2026-09-04T06:34:12+00:00
opportunity,98381022,7,0.0,2026-09-04T06:34:12+00:00
opportunity,98381022,8,0.37812897668920975,2026-09-04T06:34:12+00:00
opportunity,98381022,9,0.0,2026-09-04T06:34:12+00:00
opportunity,98381022,10,0.0,2026-09-04T06:34:12+00:00
opportunity,98381022,11,0.0,2026-09-04T06:34:12+00:00
opportunity,98381022,12,0.14040713031016552,2026-09-04T06:34:12+00:00
opportunity,98381022,13,0.0578845445272787,2026-09-04T06:34:12+00:00
opportunity,98381072,0,0.118246427279938,2026-09-04T06:34:12+00:00
opportunity,98381072,1,0.0,2026-09-04T06:34:12+00:00
opportunity,98381072,2,0.015452831118010166,2026-09-04T06:34:12+00:00
opportunity,98381072,3,0.0,2026-09-04T06:34:12+00:00
opportunity,98381072,4,0.03916650723314572,2026-09-04T06:34:12+00:00
opportunity,98381072,5,0.003260665619522624,2026-09-04T06:34:12+00:00
opportunity,98381072,6,0.0,2026-09-04T06:34:12+00:00
opportunity,98381072,7,0.0,2026-09-04T06:34:12+00:00
opportunity,98381072,8,0.01177310808437339,2026-09-04T06:34:12+00:00
opportunity,98381072,9,0.0,2026-09-04T06:34:12+00:00
opportunity,98381072,10,0.0,2026-09-04T06:34:12+00:00
opportunity,98381072,11,0.0,2026-09-04T06:34:12+00:00
opportunity,98381072,12,0.8121004606650101,2026-09-04T06:34:12+00:00
opportunity,98381072,13,0.0,2026-09-04T06:34:12+00:00
opportunity,98381077,0,0.0,2026-09-04T06:34:12+00:00
opportunity,98381077,1,0.0,2026-09-04T06:34:12+00:00
opportunity,98381077,2,0.0,2026-09-04T06:34:12+00:00
opportunity,98381077,3,0.0,2026-09-04T06:34:12+00:00
opportunity,98381077,4,0.0,2026-09-04T06:34:12+00:00
opportunity,98381077,5,0.0,2026-09-04T06:34:12+00:00
opportunity,98381077,6,1.0,2026-09-04T06:34:12+00:00
opportunity,98381077,7,0.0,2026-09-04T06:34:12+00:00
opportunity,98381077,8,0.0,2026-09-04T06:34:12+00:00
opportunity,98381077,9,0.0,2026-09-04T06:34:12+00:00
opportunity,98381077,10,0.0,2026-09-04T06:34:12+00:00
opportunity,98381077,11,0.0,2026-09-04T06:34:12+00:00
opportunity,98381077,12,0.0,2026-09-04T06:34:12+00:00
opportunity,98381077,13,0.0,2026-09-04T06:34:12+00:00
opportunity,98381085,0,0.0772525408619157,2026-09-04T06:34:12+00:00
opportunity,98381085,1,0.0,2026-09-04T06:34:12+00:00
opportunity,98381085,2,0.08062660846434092,2026-09-04T06:34:12+00:00
opportunity,98381085,3,0.0,2026-09-04T06:34:12+00:00
opportunity,98381085,4,0.0,2026-09-04T06:34:12+00:00
opportunity,98381085,5,0.0358930850528474,2026-09-04T06:34:12+00:00
opportunity,98381085,6,0.0,2026-09-04T06:34:12+00:00
opportunity,98381085,7,0.0,2026-09-04T06:34:12+00:00
opportunity,98381085,8,0.021087554276081066,2026-09-04T06:34:12+00:00
opportunity,98381085,9,0.0,2026-09-04T06:34:12+00:00
opportunity,98381085,10,0.0035531636675139103,2026-09-04T06:34:12+00:00
opportunity,98381085,11,0.0023918970069629233,2026-09-04T06:34:12+00:00
opportunity,98381085,12,0.7751899947290557,2026-09-04T06:34:12+00:00
opportunity,98381085,13,0.004005155941282463,2026-09-04T06:34:12+00:00
opportunity,98381089,0,0.047946236893807566,2026-09-04T06:34:12+00:00
opportunity,98381089,1,0.0,2026-09-04T06:34:12+00:00
opportunity,98381089,2,0.0066341623019132755,2026-09-04T06:34:12+00:00
opportunity,98381089,3,0.05527170397523204,2026-09-04T06:34:12+00:00
opportunity,98381089,4,0.08893147768702235,2026-09-04T06:34:12+00:00
opportunity,98381089,5,0.0,2026-09-04T06:34:12+00:00
opportunity,98381089,6,0.7487640972313496,2026-09-04T06:34:12+00:00
opportunity,98381089,7,0.0,2026-09-04T06:34:12+00:00
opportunity,98381089,8,0.0,2026-09-04T06:34:12+00:00
opportunity,98381089,9,0.0008607254976731004,2026-09-04T06:34:12+00:00
opportunity,98381089,10,0.0,2026-09-04T06:34:12+00:00
opportunity,98381089,11,0.008617012641500874,2026-09-04T06:34:12+00:00
opportunity,98381089,12,0.0,2026-09-04T06:34:12+00:00
opportunity,98381089,13,0.04297458377150116,2026-09-04T06:34:12+00:00
opportunity,98381107,0,0.40853139217397366,2026-09-04T06:34:12+00:00
opportunity,98381107,1,0.0,2026-09-04T06:34:12+00:00
opportunity,98381107,2,0.17145021573103186,2026-09-04T06:34:12+00:00
opportunity,98381107,3,0.034893293634720365,2026-09-04T06:34:12+00:00
opportunity,98381107,4,0.0,2026-09-04T06:34:12+00:00
opportunity,98381107,5,0.0955410682296963,2026-09-04T06:34:12+00:00
opportunity,98381107,6,0.02528044898865013,2026-09-04T06:34:12+00:00
opportunity,98381107,7,0.015519074313486585,2026-09-04T06:34:12+00:00
opportunity,98381107,8,0.0,2026-09-04T06:34:12+00:00
opportunity,98381107,9,0.0,2026-09-04T06:34:12+00:00
opportunity,98381107,10,0.06145313234695802,2026-09-04T06:34:12+00:00
opportunity,98381107,11,0.0,2026-09-04T06:34:12+00:00
opportunity,98381107,12,0.18733137458148302,2026-09-04T06:34:12+00:00
opportunity,98381107,13,0.0,2026-09-04T06:34:12+00:00
opportunity,98381150,0,0.0,2026-09-04T06:34:12+00:00
opportunity,98381150,1,0.04411773085243212,2026-09-04T06:34:12+00:00
opportunity,98381150,2,0.0,2026-09-04T06:34:12+00:00
opportunity,98381150,3,0.0195867337773117,2026-09-04T06:34:12+00:00
opportunity,98381150,4,0.0,2026-09-04T06:34:12+00:00
opportunity,98381150,5,0.5661704681406462,2026-09-04T06:34:12+00:00
opportunity,98381150,6,0.025264888286762325,2026-09-04T06:34:12+00:00
opportunity,98381150,7,0.10383066635700985,2026-09-04T06:34:12+00:00
opportunity,98381150,8,0.11233707056069303,2026-09-04T06:34:12+00:00
opportunity,98381150,9,0.10586294699931456,2026-09-04T06:34:12+00:00
opportunity,98381150,10,0.013064792244508386,2026-09-04T06:34:12+00:00
opportunity,98381150,11,0.006959915862491899,2026-09-04T06:34:12+00:00
opportunity,98381150,12,0.002804786918830193,2026-09-04T06:34:12+00:00
opportunity,98381150,13,0.0,2026-09-04T06:34:12+00:00
opportunity,98381163,0,0.02501835624078951,2026-09-04T06:34:12+00:00
opportunity,98381163,1,0.0,2026-09-04T06:34:12+00:00
opportunity,98381163,2,0.0,2026-09-04T06:34:12+00:00
opportunity,98381163,3,0.8718665899098258,2026-09-04T06:34:12+00:00
opportunity,98381163,4,0.0,2026-09-04T06:34:12+00:00
opportunity,98381163,5,0.002102540835330526,2026-09-04T06:34:12+00:00
opportunity,98381163,6,0.04302238599908296,2026-09-04T06:34:12+00:00
opportunity,98381163,7,0.0,2026-09-04T06:34:12+00:00
opportunity,98381163,8,0.0,2026-09-04T06:34:12+00:00
opportunity,98381163,9,0.031511339327985693,2026-09-04T06:34:12+00:00
opportunity,98381163,10,0.0,2026-09-04T06:34:12+00:00
opportunity,98381163,11,0.0002768623201139631,2026-09-04T06:34:12+00:00
opportunity,98381163,12,0.026201925366871555,2026-09-04T06:34:12+00:00
opportunity,98381163,13,0.0,2026-09-04T06:34:12+00:00
opportunity,98381164,0,0.010551250505430938,2026-09-04T06:34:12+00:00
opportunity,98381164,1,0.01007702397377153,2026-09-04T06:34:12+00:00
opportunity,98381164,2,0.0,2026-09-04T06:34:12+00:00
opportunity,98381164,3,0.03268067101677666,2026-09-04T06:34:12+00:00
opportunity,98381164,4,0.03250107090280079,2026-09-04T06:34:12+00:00
opportunity,98381164,5,0.6818720051896756,2026-09-04T06:34:12+00:00
opportunity,98381164,6,0.043985787468285374,2026-09-04T06:34:12+00:00
opportunity,98381164,7,0.0283719581827922,2026-09-04T06:34:12+00:00
opportunity,98381164,8,0.021880697506617308,2026-09-04T06:34:12+00:00
opportunity,98381164,9,0.1094988327249084,2026-09-04T06:34:12+00:00
opportunity,98381164,10,0.0,2026-09-04T06:34:12+00:00
opportunity,98381164,11,0.0026030380242878706,2026-09-04T06:34:12+00:00
opportunity,98381164,12,0.02597766450465338,2026-09-04T06:34:12+00:00
opportunity,98381164,13,0.0,2026-09-04T06:34:12+00:00
opportunity,98381165,0,0.0,2026-09-04T06:34:12+00:00
opportunity,98381165,1,0.0,2026-09-04T06:34:12+00:00
opportunity,98381165,2,0.0,2026-09-04T06:34:12+00:00
opportunity,98381165,3,0.819129725801704,2026-09-04T06:34:12+00:00
opportunity,98381165,4,0.0,2026-09-04T06:34:12+00:00
opportunity,98381165,5,0.06528758003775662,2026-09-04T06:34:12+00:00
opportunity,98381165,6,0.0,2026-09-04T06:34:12+00:00
opportunity,98381165,7,0.0,2026-09-04T06:34:12+00:00
opportunity,98381165,8,0.010818304470275352,2026-09-04T06:34:12+00:00
opportunity,98381165,9,0.0,2026-09-04T06:34:12+00:00
opportunity,98381165,10,0.0,2026-09-04T06:34:12+00:00
opportunity,98381165,11,0.004788592514037999,2026-09-04T06:34:12+00:00
opportunity,98381165,12,0.09997579717622591,2026-09-04T06:34:12+00:00
opportunity,98381165,13,0.0,2026-09-04T06:34:12+00:00
opportunity,98381174,0,0.0,2026-09-04T06:34:12+00:00
opportunity,98381174,1,0.0,2026-09-04T06:34:12+00:00
opportunity,98381174,2,0.016856320886522464,2026-09-04T06:34:12+00:00
opportunity,98381174,3,0.027784002915016235,2026-09-04T06:34:12+00:00
opportunity,98381174,4,0.0,2026-09-04T06:34:12+00:00
opportunity,98381174,5,0.6227778185497761,2026-09-04T06:34:12+00:00
opportunity,98381174,6,0.04093471014754296,2026-09-04T06:34:12+00:00
opportunity,98381174,7,0.0620319444465942,2026-09-04T06:34:12+00:00
opportunity,98381174,8,0.0216800973146654,2026-09-04T06:34:12+00:00
opportunity,98381174,9,0.12485039938854978,2026-09-04T06:34:12+00:00
opportunity,98381174,10,0.012961612337123509,2026-09-04T06:34:12+00:00
opportunity,98381174,11,0.0,2026-09-04T06:34:12+00:00
opportunity,98381174,12,0.05174185668699853,2026-09-04T06:34:12+00:00
opportunity,98381174,13,0.018381237327210954,2026-09-04T06:34:12+00:00
opportunity,98381178,0,0.0,2026-09-04T06:34:12+00:00
opportunity,98381178,1,0.0,2026-09-04T06:34:12+00:00
opportunity,98381178,2,0.03522056733108541,2026-09-04T06:34:12+00:00
opportunity,98381178,3,0.8306192958958579,2026-09-04T06:34:12+00:00
opportunity,98381178,4,0.0,2026-09-04T06:34:12+00:00
opportunity,98381178,5,0.015166933965898834,2026-09-04T06:34:12+00:00
opportunity,98381178,6,0.0022992681197408606,2026-09-04T06:34:12+00:00
opportunity,98381178,7,0.0,2026-09-04T06:34:12+00:00
opportunity,98381178,8,0.0010368289627623358,2026-09-04T06:34:12+00:00
opportunity,98381178,9,0.02991620224409027,2026-09-04T06:34:12+00:00
opportunity,98381178,10,0.012813452892106968,2026-09-04T06:34:12+00:00
opportunity,98381178,11,0.0,2026-09-04T06:34:12+00:00
opportunity,98381178,12,0.07292745058845748,2026-09-04T06:34:12+00:00
opportunity,98381178,13,0.0,2026-09-04T06:34:12+00:00
opportunity,98381183,0,0.0,2026-09-04T06:34:12+00:00
opportunity,98381183,1,0.01703984325107585,2026-09-04T06:34:12+00:00
opportunity,98381183,2,0.0,2026-09-04T06:34:12+00:00
opportunity,98381183,3,0.834194320031405,2026-09-04T06:34:12+00:00
opportunity,98381183,4,0.0,2026-09-04T06:34:12+00:00
opportunity,98381183,5,0.0,2026-09-04T06:34:12+00:00
opportunity,98381183,6,0.02064993632800723,2026-09-04T06:34:12+00:00
opportunity,98381183,7,0.0,2026-09-04T06:34:12+00:00
opportunity,98381183,8,0.0,2026-09-04T06:34:12+00:00
opportunity,98381183,9,0.0,2026-09-04T06:34:12+00:00
opportunity,98381183,10,0.008360545894311639,2026-09-04T06:34:12+00:00
opportunity,98381183,11,0.030747373097425014,2026-09-04T06:34:12+00:00
opportunity,98381183,12,0.08900798139777522,2026-09-04T06:34:12+00:00
opportunity,98381183,13,0.0,2026-09-04T06:34:12+00:00
opportunity,98381185,0,0.0,2026-09-04T06:34:12+00:00
opportunity,98381185,1,0.04761299974258094,2026-09-04T06:34:12+00:00
opportunity,98381185,2,0.0,2026-09-04T06:34:12+00:00
opportunity,98381185,3,0.0,2026-09-04T06:34:12+00:00
opportunity,98381185,4,0.0,2026-09-04T06:34:12+00:00
opportunity,98381185,5,0.0,2026-09-04T06:34:12+00:00
opportunity,98381185,6,0.0,2026-09-04T06:34:12+00:00
opportunity,98381185,7,0.0,2026-09-04T06:34:12+00:00
opportunity,98381185,8,0.8116316634494741,2026-09-04T06:34:12+00:00
opportunity,98381185,9,0.0,2026-09-04T06:34:12+00:00
opportunity,98381185,10,0.0,2026-09-04T06:34:12+00:00
opportunity,98381185,11,0.1261710983124564,2026-09-04T06:34:12+00:00
opportunity,98381185,12,0.0,2026-09-04T06:34:12+00:00
opportunity,98381185,13,0.014584238495488497,2026-09-04T06:34:12+00:00
opportunity,98381187,0,0.0,2026-09-04T06:34:12+00:00
opportunity,98381187,1,0.024764194154850438,2026-09-04T06:34:12+00:00
opportunity,98381187,2,0.0,2026-09-04T06:34:12+00:00
opportunity,98381187,3,0.006712395396826093,2026-09-04T06:34:12+00:00
opportunity,98381187,4,0.02460328863414961,2026-09-04T06:34:12+00:00
opportunity,98381187,5,0.728239358135888,2026-09-04T06:34:12+00:00
opportunity,98381187,6,0.01646617230108377,2026-09-04T06:34:12+00:00
opportunity,98381187,7,0.023506085683401866,2026-09-04T06:34:12+00:00
opportunity,98381187,8,0.02335796415090503,2026-09-04T06:34:12+00:00
opportunity,98381187,9,0.09970692857696754,2026-09-04T06:34:12+00:00
opportunity,98381187,10,0.013213372589333612,2026-09-04T06:34:12+00:00
opportunity,98381187,11,0.01994885943311758,2026-09-04T06:34:12+00:00
opportunity,98381187,12,0.0,2026-09-04T06:34:12+00:00
opportunity,98381187,13,0.01948138094347653,2026-09-04T06:34:12+00:00
opportunity,98381192,0,0.0,2026-09-04T06:34:12+00:00
opportunity,98381192,1,0.0,2026-09-04T06:34:12+00:00
opportunity,98381192,2,0.0,2026-09-04T06:34:12+00:00
opportunity,98381192,3,0.0,2026-09-04T06:34:12+00:00
opportunity,98381192,4,0.0,2026-09-04T06:34:12+00:00
opportunity,98381192,5,0.0,2026-09-04T06:34:12+00:00
opportunity,98381192,6,0.0,2026-09-04T06:34:12+00:00
opportunity,98381192,7,0.0,2026-09-04T06:34:12+00:00
opportunity,98381192,8,0.008772910167840852,2026-09-04T06:34:12+00:00
opportunity,98381192,9,0.0,2026-09-04T06:34:12+00:00
opportunity,98381192,10,0.0070131557428922625,2026-09-04T06:34:12+00:00
opportunity,98381192,11,0.0,2026-09-04T06:34:12+00:00
opportunity,98381192,12,0.9799480774568591,2026-09-04T06:34:12+00:00
opportunity,98381192,13,0.0042658566324077565,2026-09-04T06:34:12+00:00
opportunity,98381197,0,0.0,2026-09-04T06:34:12+00:00
opportunity,98381197,1,0.0,2026-09-04T06:34:12+00:00
opportunity,98381197,2,0.0,2026-09-04T06:34:12+00:00
opportunity,98381197,3,0.0,2026-09-04T06:34:12+00:00
opportunity,98381197,4,0.0,2026-09-04T06:34:12+00:00
opportunity,98381197,5,0.0,2026-09-04T06:34:12+00:00
opportunity,98381197,6,0.0,2026-09-04T06:34:12+00:00
opportunity,98381197,7,0.0,2026-09-04T06:34:12+00:00
opportunity,98381197,8,0.010400785105895536,2026-09-04T06:34:12+00:00
opportunity,98381197,9,0.0,2026-09-04T06:34:12+00:00
opportunity,98381197,10,0.007433976020543477,2026-09-04T06:34:12+00:00
opportunity,98381197,11,0.0,2026-09-04T06:34:12+00:00
opportunity,98381197,12,0.982165238873561,2026-09-04T06:34:12+00:00
opportunity,98381197,13,0.0,2026-09-04T06:34:12+00:00
opportunity,98381200,0,0.0,2026-09-04T06:34:12+00:00
opportunity,98381200,1,0.02790213972570233,2026-09-04T06:34:12+00:00
opportunity,98381200,2,0.0,2026-09-04T06:34:12+00:00
opportunity,98381200,3,0.0,2026-09-04T06:34:12+00:00
opportunity,98381200,4,0.0,2026-09-04T06:34:12+00:00
opportunity,98381200,5,0.0,2026-09-04T06:34:12+00:00
opportunity,98381200,6,0.0,2026-09-04T06:34:12+00:00
opportunity,98381200,7,0.0,2026-09-04T06:34:12+00:00
opportunity,98381200,8,0.797243476082432,2026-09-04T06:34:12+00:00
opportunity,98381200,9,0.0,2026-09-04T06:34:12+00:00
opportunity,98381200,10,0.0,2026-09-04T06:34:12+00:00
opportunity,98381200,11,0.10873295366517495,2026-09-04T06:34:12+00:00
opportunity,98381200,12,0.0,2026-09-04T06:34:12+00:00
opportunity,98381200,13,0.06612143052669076,2026-09-04T06:34:12+00:00
opportunity,98381231,0,0.41878037466018453,2026-09-04T06:34:12+00:00
opportunity,98381231,1,0.0,2026-09-04T06:34:12+00:00
opportunity,98381231,2,0.18261738954925227,2026-09-04T06:34:12+00:00
opportunity,98381231,3,0.0,2026-09-04T06:34:12+00:00
opportunity,98381231,4,0.0146234679731674,2026-09-04T06:34:12+00:00
opportunity,98381231,5,0.016162731557475912,2026-09-04T06:34:12+00:00
opportunity,98381231,6,0.0,2026-09-04T06:34:12+00:00
opportunity,98381231,7,0.011323767699437111,2026-09-04T06:34:12+00:00
opportunity,98381231,8,0.0,2026-09-04T06:34:12+00:00
opportunity,98381231,9,0.0,2026-09-04T06:34:12+00:00
opportunity,98381231,10,0.026809568713162514,2026-09-04T06:34:12+00:00
opportunity,98381231,11,0.0,2026-09-04T06:34:12+00:00
opportunity,98381231,12,0.32968269984732024,2026-09-04T06:34:12+00:00
opportunity,98381231,13,0.0,2026-09-04T06:34:12+00:00
opportunity,98381290,0,0.0,2026-09-04T06:34:12+00:00
opportunity,98381290,1,0.0,2026-09-04T06:34:12+00:00
opportunity,98381290,2,0.01179997354772582,2026-09-04T06:34:12+00:00
opportunity,98381290,3,0.0,2026-09-04T06:34:12+00:00
opportunity,98381290,4,0.0,2026-09-04T06:34:12+00:00
opportunity,98381290,5,0.014972621620276296,2026-09-04T06:34:12+00:00
opportunity,98381290,6,0.00219199641309102,2026-09-04T06:34:12+00:00
opportunity,98381290,7,0.004315895130486698,2026-09-04T06:34:12+00:00
opportunity,98381290,8,0.000582804828684763,2026-09-04T06:34:12+00:00
opportunity,98381290,9,0.0,2026-09-04T06:34:12+00:00
opportunity,98381290,10,0.0,2026-09-04T06:34:12+00:00
opportunity,98381290,11,0.0,2026-09-04T06:34:12+00:00
opportunity,98381290,12,0.9661367084597353,2026-09-04T06:34:12+00:00
opportunity,98381290,13,0.0,2026-09-04T06:34:12+00:00
opportunity,98381298,0,0.0,2026-09-04T06:34:12+00:00
opportunity,98381298,1,0.004329482181118564,2026-09-04T06:34:12+00:00
opportunity,98381298,2,0.03482707653800148,2026-09-04T06:34:12+00:00
opportunity,98381298,3,0.0,2026-09-04T06:34:12+00:00
opportunity,98381298,4,0.0,2026-09-04T06:34:12+00:00
opportunity,98381298,5,0.02188727699283173,2026-09-04T06:34:12+00:00
opportunity,98381298,6,0.02423383418573495,2026-09-04T06:34:12+00:00
opportunity,98381298,7,0.01462433269983107,2026-09-04T06:34:12+00:00
opportunity,98381298,8,0.0,2026-09-04T06:34:12+00:00
opportunity,98381298,9,0.04500941921410516,2026-09-04T06:34:12+00:00
opportunity,98381298,10,0.0,2026-09-04T06:34:12+00:00
opportunity,98381298,11,0.004953887975487454,2026-09-04T06:34:12+00:00
opportunity,98381298,12,0.8501346902128896,2026-09-04T06:34:12+00:00
opportunity,98381298,13,0.0,2026-09-04T06:34:12+00:00
opportunity,98381302,0,0.0,2026-09-04T06:34:12+00:00
opportunity,98381302,1,0.0,2026-09-04T06:34:12+00:00
opportunity,98381302,2,0.11676998186460558,2026-09-04T06:34:12+00:00
opportunity,98381302,3,0.0,2026-09-04T06:34:12+00:00
opportunity,98381302,4,0.0,2026-09-04T06:34:12+00:00
opportunity,98381302,5,0.027652712299408,2026-09-04T06:34:12+00:00
opportunity,98381302,6,0.005443921027270139,2026-09-04T06:34:12+00:00
opportunity,98381302,7,0.024182539440391695,2026-09-04T06:34:12+00:00
opportunity,98381302,8,0.0,2026-09-04T06:34:12+00:00
opportunity,98381302,9,0.01864110654324038,2026-09-04T06:34:12+00:00
opportunity,98381302,10,0.0,2026-09-04T06:34:12+00:00
opportunity,98381302,11,0.0,2026-09-04T06:34:12+00:00
opportunity,98381302,12,0.80328866060436,2026-09-04T06:34:12+00:00
opportunity,98381302,13,0.004021078220724267,2026-09-04T06:34:12+00:00
opportunity,98381306,0,0.0,2026-09-04T06:34:12+00:00
opportunity,98381306,1,0.009066542273516958,2026-09-04T06:34:12+00:00
opportunity,98381306,2,0.06877195958394391,2026-09-04T06:34:12+00:00
opportunity,98381306,3,0.00020061437615003148,2026-09-04T06:34:12+00:00
opportunity,98381306,4,0.0,2026-09-04T06:34:12+00:00
opportunity,98381306,5,0.04724456403064573,2026-09-04T06:34:12+00:00
opportunity,98381306,6,0.0,2026-09-04T06:34:12+00:00
opportunity,98381306,7,0.011545715982634873,2026-09-04T06:34:12+00:00
opportunity,98381306,8,0.0,2026-09-04T06:34:12+00:00
opportunity,98381306,9,0.13480837791040082,2026-09-04T06:34:12+00:00
opportunity,98381306,10,0.0,2026-09-04T06:34:12+00:00
opportunity,98381306,11,0.0,2026-09-04T06:34:12+00:00
opportunity,98381306,12,0.7283622258427077,2026-09-04T06:34:12+00:00
opportunity,98381306,13,0.0,2026-09-04T06:34:12+00:00
opportunity,98381308,0,0.0,2026-09-04T06:34:12+00:00
opportunity,98381308,1,0.9678207448631111,2026-09-04T06:34:12+00:00
opportunity,98381308,2,0.0,2026-09-04T06:34:12+00:00
opportunity,98381308,3,0.0,2026-09-04T06:34:12+00:00
opportunity,98381308,4,0.0,2026-09-04T06:34:12+00:00
opportunity,98381308,5,0.0013988897999607961,2026-09-04T06:34:12+00:00
opportunity,98381308,6,0.0,2026-09-04T06:34:12+00:00
opportunity,98381308,7,0.0,2026-09-04T06:34:12+00:00
opportunity,98381308,8,0.0,2026-09-04T06:34:12+00:00
opportunity,98381308,9,0.0008245031618102321,2026-09-04T06:34:12+00:00
opportunity,98381308,10,0.01240144353733843,2026-09-04T06:34:12+00:00
opportunity,98381308,11,0.013823777626617009,2026-09-04T06:34:12+00:00
opportunity,98381308,12,0.0037306410111624952,2026-09-04T06:34:12+00:00
opportunity,98381308,13,0.0,2026-09-04T06:34:12+00:00
opportunity,98381326,0,0.0,2026-09-04T06:34:12+00:00
opportunity,98381326,1,0.9668087167957466,2026-09-04T06:34:12+00:00
opportunity,98381326,2,0.0,2026-09-04T06:34:12+00:00
opportunity,98381326,3,0.0,2026-09-04T06:34:12+00:00
opportunity,98381326,4,0.0,2026-09-04T06:34:12+00:00
opportunity,98381326,5,0.0014093789701094092,2026-09-04T06:34:12+00:00
opportunity,98381326,6,0.0,2026-09-04T06:34:12+00:00
opportunity,98381326,7,0.0,2026-09-04T06:34:12+00:00
opportunity,98381326,8,0.0,2026-09-04T06:34:12+00:00
opportunity,98381326,9,0.0012892399189656338,2026-09-04T06:34:12+00:00
opportunity,98381326,10,0.012387362113131307,2026-09-04T06:34:12+00:00
opportunity,98381326,11,0.013838396577081486,2026-09-04T06:34:12+00:00
opportunity,98381326,12,0.004266905624965566,2026-09-04T06:34:12+00:00
opportunity,98381326,13,0.0,2026-09-04T06:34:12+00:00
opportunity,98381331,0,0.16160355910857646,2026-09-04T06:34:12+00:00
opportunity,98381331,1,0.0,2026-09-04T06:34:12+00:00
opportunity,98381331,2,0.0,2026-09-04T06:34:12+00:00
opportunity,98381331,3,0.0,2026-09-04T06:34:12+00:00
opportunity,98381331,4,0.0,2026-09-04T06:34:12+00:00
opportunity,98381331,5,0.02823295538291045,2026-09-04T06:34:12+00:00
opportunity,98381331,6,0.0,2026-09-04T06:34:12+00:00
opportunity,98381331,7,0.0,2026-09-04T06:34:12+00:00
opportunity,98381331,8,0.0,2026-09-04T06:34:12+00:00
opportunity,98381331,9,0.3673671299837542,2026-09-04T06:34:12+00:00
opportunity,98381331,10,0.0,2026-09-04T06:34:12+00:00
opportunity,98381331,11,0.0,2026-09-04T06:34:12+00:00
opportunity,98381331,12,0.28031098589386316,2026-09-04T06:34:12+00:00
opportunity,98381331,13,0.1624853696308957,2026-09-04T06:34:12+00:00
opportunity,98381332,0,0.0,2026-09-04T06:34:12+00:00
opportunity,98381332,1,0.0,2026-09-04T06:34:12+00:00
opportunity,98381332,2,0.0,2026-09-04T06:34:12+00:00
opportunity,98381332,3,0.0,2026-09-04T06:34:12+00:00
opportunity,98381332,4,0.0,2026-09-04T06:34:12+00:00
opportunity,98381332,5,0.16097282414898853,2026-09-04T06:34:12+00:00
opportunity,98381332,6,0.0,2026-09-04T06:34:12+00:00
opportunity,98381332,7,0.0,2026-09-04T06:34:12+00:00
opportunity,98381332,8,0.0,2026-09-04T06:34:12+00:00
opportunity,98381332,9,0.14285335929906354,2026-09-04T06:34:12+00:00
opportunity,98381332,10,0.0,2026-09-04T06:34:12+00:00
opportunity,98381332,11,0.0,2026-09-04T06:34:12+00:00
opportunity,98381332,12,0.6961738165519479,2026-09-04T06:34:12+00:00
opportunity,98381332,13,0.0,2026-09-04T06:34:12+00:00
opportunity,98381337,0,0.0,2026-09-04T06:34:12+00:00
opportunity,98381337,1,0.0,2026-09-04T06:34:12+00:00
opportunity,98381337,2,0.0,2026-09-04T06:34:12+00:00
opportunity,98381337,3,0.0,2026-09-04T06:34:12+00:00
opportunity,98381337,4,0.0,2026-09-04T06:34:12+00:00
opportunity,98381337,5,0.0012078754686044983,2026-09-04T06:34:12+00:00
opportunity,98381337,6,0.0,2026-09-04T06:34:12+00:00
opportunity,98381337,7,0.0013577394945129856,2026-09-04T06:34:12+00:00
opportunity,98381337,8,0.0,2026-09-04T06:34:12+00:00
opportunity,98381337,9,0.015385365311691629,2026-09-04T06:34:12+00:00
opportunity,98381337,10,0.0,2026-09-04T06:34:12+00:00
opportunity,98381337,11,0.0,2026-09-04T06:34:12+00:00
opportunity,98381337,12,0.9820490197251909,2026-09-04T06:34:12+00:00
opportunity,98381337,13,0.0,2026-09-04T06:34:12+00:00
opportunity,98381339,0,0.0,2026-09-04T06:34:12+00:00
opportunity,98381339,1,0.0,2026-09-04T06:34:12+00:00
opportunity,98381339,2,0.0,2026-09-04T06:34:12+00:00
opportunity,98381339,3,0.0,2026-09-04T06:34:12+00:00
opportunity,98381339,4,0.0,2026-09-04T06:34:12+00:00
opportunity,98381339,5,0.023886441167974216,2026-09-04T06:34:12+00:00
opportunity,98381339,6,0.0,2026-09-04T06:34:12+00:00
opportunity,98381339,7,0.0,2026-09-04T06:34:12+00:00
opportunity,98381339,8,0.0,2026-09-04T06:34:12+00:00
opportunity,98381339,9,0.02929207015571822,2026-09-04T06:34:12+00:00
opportunity,98381339,10,0.0,2026-09-04T06:34:12+00:00
opportunity,98381339,11,0.005725036038468283,2026-09-04T06:34:12+00:00
opportunity,98381339,12,0.9051673314182156,2026-09-04T06:34:12+00:00
opportunity,98381339,13,0.03592912121962358,2026-09-04T06:34:12+00:00
opportunity,98381340,0,0.0,2026-09-04T06:34:12+00:00
opportunity,98381340,1,0.9632245677340343,2026-09-04T06:34:12+00:00
opportunity,98381340,2,0.0,2026-09-04T06:34:12+00:00
opportunity,98381340,3,0.0,2026-09-04T06:34:12+00:00
opportunity,98381340,4,0.0,2026-09-04T06:34:12+00:00
opportunity,98381340,5,0.001210816826335059,2026-09-04T06:34:12+00:00
opportunity,98381340,6,0.0,2026-09-04T06:34:12+00:00
opportunity,98381340,7,0.0,2026-09-04T06:34:12+00:00
opportunity,98381340,8,0.0,2026-09-04T06:34:12+00:00
opportunity,98381340,9,0.0005616187852460293,2026-09-04T06:34:12+00:00
opportunity,98381340,10,0.027657309247887882,2026-09-04T06:34:12+00:00
opportunity,98381340,11,0.005246869054454728,2026-09-04T06:34:12+00:00
opportunity,98381340,12,0.002098818352042191,2026-09-04T06:34:12+00:00
opportunity,98381340,13,0.0,2026-09-04T06:34:12+00:00
opportunity,98381346,0,0.0,2026-09-04T06:34:12+00:00
opportunity,98381346,1,0.0,2026-09-04T06:34:12+00:00
opportunity,98381346,2,0.0,2026-09-04T06:34:12+00:00
opportunity,98381346,3,0.0,2026-09-04T06:34:12+00:00
opportunity,98381346,4,0.040826145693070984,2026-09-04T06:34:12+00:00
opportunity,98381346,5,0.011299898302142508,2026-09-04T06:34:12+00:00
opportunity,98381346,6,0.0,2026-09-04T06:34:12+00:00
opportunity,98381346,7,0.01251309977939949,2026-09-04T06:34:12+00:00
opportunity,98381346,8,0.0,2026-09-04T06:34:12+00:00
opportunity,98381346,9,0.00014872121386053767,2026-09-04T06:34:12+00:00
opportunity,98381346,10,0.0,2026-09-04T06:34:12+00:00
opportunity,98381346,11,0.0,2026-09-04T06:34:12+00:00
opportunity,98381346,12,0.9352121350115266,2026-09-04T06:34:12+00:00
opportunity,98381346,13,0.0,2026-09-04T06:34:12+00:00
opportunity,98381359,0,0.6828273395676787,2026-09-04T06:34:12+00:00
opportunity,98381359,1,0.0,2026-09-04T06:34:12+00:00
opportunity,98381359,2,0.07942249985201406,2026-09-04T06:34:12+00:00
opportunity,98381359,3,0.1296873434859121,2026-09-04T06:34:12+00:00
opportunity,98381359,4,0.0,2026-09-04T06:34:12+00:00
opportunity,98381359,5,0.03803217507019887,2026-09-04T06:34:12+00:00
opportunity,98381359,6,0.0,2026-09-04T06:34:12+00:00
opportunity,98381359,7,0.0,2026-09-04T06:34:12+00:00
opportunity,98381359,8,0.0,2026-09-04T06:34:12+00:00
opportunity,98381359,9,0.0,2026-09-04T06:34:12+00:00
opportunity,98381359,10,0.07003064202419622,2026-09-04T06:34:12+00:00
opportunity,98381359,11,0.0,2026-09-04T06:34:12+00:00
opportunity,98381359,12,0.0,2026-09-04T06:34:12+00:00
opportunity,98381359,13,0.0,2026-09-04T06:34:12+00:00
opportunity,98381366,0,0.0,2026-09-04T06:34:12+00:00
opportunity,98381366,1,0.9747543930934777,2026-09-04T06:34:12+00:00
opportunity,98381366,2,0.0,2026-09-04T06:34:12+00:00
opportunity,98381366,3,0.0,2026-09-04T06:34:12+00:00
opportunity,98381366,4,0.0,2026-09-04T06:34:12+00:00
opportunity,98381366,5,0.0,2026-09-04T06:34:12+00:00
opportunity,98381366,6,0.0,2026-09-04T06:34:12+00:00
opportunity,98381366,7,0.0,2026-09-04T06:34:12+00:00
opportunity,98381366,8,0.020134054850979834,2026-09-04T06:34:12+00:00
opportunity,98381366,9,0.0,2026-09-04T06:34:12+00:00
opportunity,98381366,10,0.0,2026-09-04T06:34:12+00:00
opportunity,98381366,11,0.005111552055542472,2026-09-04T06:34:12+00:00
opportunity,98381366,12,0.0,2026-09-04T06:34:12+00:00
opportunity,98381366,13,0.0,2026-09-04T06:34:12+00:00
opportunity,98381369,0,0.6605871220857649,2026-09-04T06:34:12+00:00
opportunity,98381369,1,0.0,2026-09-04T06:34:12+00:00
opportunity,98381369,2,0.0,2026-09-04T06:34:12+00:00
opportunity,98381369,3,0.0,2026-09-04T06:34:12+00:00
opportunity,98381369,4,0.0,2026-09-04T06:34:12+00:00
opportunity,98381369,5,0.0,2026-09-04T06:34:12+00:00
opportunity,98381369,6,0.0,2026-09-04T06:34:12+00:00
opportunity,98381369,7,0.0,2026-09-04T06:34:12+00:00
opportunity,98381369,8,0.0,2026-09-04T06:34:12+00:00
opportunity,98381369,9,0.3394128779142351,2026-09-04T06:34:12+00:00
opportunity,98381369,10,0.0,2026-09-04T06:34:12+00:00
opportunity,98381369,11,0.0,2026-09-04T06:34:12+00:00
opportunity,98381369,12,0.0,2026-09-04T06:34:12+00:00
opportunity,98381369,13,0.0,2026-09-04T06:34:12+00:00
opportunity,98381379,0,0.769892880871966,2026-09-04T06:34:12+00:00
opportunity,98381379,1,0.0,2026-09-04T06:34:12+00:00
opportunity,98381379,2,0.11947706236770411,2026-09-04T06:34:12+00:00
opportunity,98381379,3,0.05719024468028724,2026-09-04T06:34:12+00:00
opportunity,98381379,4,0.0,2026-09-04T06:34:12+00:00
opportunity,98381379,5,0.0,2026-09-04T06:34:12+00:00
opportunity,98381379,6,0.0,2026-09-04T06:34:12+00:00
opportunity,98381379,7,0.0,2026-09-04T06:34:12+00:00
opportunity,98381379,8,0.0,2026-09-04T06:34:12+00:00
opportunity,98381379,9,0.0,2026-09-04T06:34:12+00:00
opportunity,98381379,10,0.05343981208004285,2026-09-04T06:34:12+00:00
opportunity,98381379,11,0.0,2026-09-04T06:34:12+00:00
opportunity,98381379,12,0.0,2026-09-04T06:34:12+00:00
opportunity,98381379,13,0.0,2026-09-04T06:34:12+00:00
opportunity,98381431,0,0.0,2026-09-04T06:34:12+00:00
opportunity,98381431,1,0.0,2026-09-04T06:34:12+00:00
opportunity,98381431,2,0.0,2026-09-04T06:34:12+00:00
opportunity,98381431,3,0.0,2026-09-04T06:34:12+00:00
opportunity,98381431,4,0.0,2026-09-04T06:34:12+00:00
opportunity,98381431,5,0.0,2026-09-04T06:34:12+00:00
opportunity,98381431,6,1.0,2026-09-04T06:34:12+00:00
opportunity,98381431,7,0.0,2026-09-04T06:34:12+00:00
opportunity,98381431,8,0.0,2026-09-04T06:34:12+00:00
opportunity,98381431,9,0.0,2026-09-04T06:34:12+00:00
opportunity,98381431,10,0.0,2026-09-04T06:34:12+00:00
opportunity,98381431,11,0.0,2026-09-04T06:34:12+00:00
opportunity,98381431,12,0.0,2026-09-04T06:34:12+00:00
opportunity,98381431,13,0.0,2026-09-04T06:34:12+00:00
opportunity,98381453,0,0.0,2026-09-04T06:34:12+00:00
opportunity,98381453,1,0.0,2026-09-04T06:34:12+00:00
opportunity,98381453,2,0.021244498235930834,2026-09-04T06:34:12+00:00
opportunity,98381453,3,0.0,2026-09-04T06:34:12+00:00
opportunity,98381453,4,0.20155768558091444,2026-09-04T06:34:12+00:00
opportunity,98381453,5,0.35119574275432947,2026-09-04T06:34:12+00:00
opportunity,98381453,6,0.0,2026-09-04T06:34:12+00:00
opportunity,98381453,7,0.0,2026-09-04T06:34:12+00:00
opportunity,98381453,8,0.0,2026-09-04T06:34:12+00:00
opportunity,98381453,9,0.0,2026-09-04T06:34:12+00:00
opportunity,98381453,10,0.0,2026-09-04T06:34:12+00:00
opportunity,98381453,11,0.009735258222402572,2026-09-04T06:34:12+00:00
opportunity,98381453,12,0.41626681520642267,2026-09-04T06:34:12+00:00
opportunity,98381453,13,0.0,2026-09-04T06:34:12+00:00
opportunity,98381468,0,0.0,2026-09-04T06:34:12+00:00
opportunity,98381468,1,0.0057329451505633,2026-09-04T06:34:12+00:00
opportunity,98381468,2,0.0,2026-09-04T06:34:12+00:00
opportunity,98381468,3,0.2549493983474436,2026-09-04T06:34:12+00:00
opportunity,98381468,4,0.13493578119729538,2026-09-04T06:34:12+00:00
opportunity,98381468,5,0.0,2026-09-04T06:34:12+00:00
opportunity,98381468,6,0.44408199033782575,2026-09-04T06:34:12+00:00
opportunity,98381468,7,0.008142248949466618,2026-09-04T06:34:12+00:00
opportunity,98381468,8,0.016102384283929433,2026-09-04T06:34:12+00:00
opportunity,98381468,9,0.0,2026-09-04T06:34:12+00:00
opportunity,98381468,10,0.10322656555339062,2026-09-04T06:34:12+00:00
opportunity,98381468,11,0.0,2026-09-04T06:34:12+00:00
opportunity,98381468,12,0.0,2026-09-04T06:34:12+00:00
opportunity,98381468,13,0.032828686180085324,2026-09-04T06:34:12+00:00
opportunity,98381472,0,0.016576594532877548,2026-09-04T06:34:12+00:00
opportunity,98381472,1,0.8799966468966746,2026-09-04T06:34:12+00:00
opportunity,98381472,2,0.0,2026-09-04T06:34:12+00:00
opportunity,98381472,3,0.0,2026-09-04T06:34:12+00:00
opportunity,98381472,4,0.0,2026-09-04T06:34:12+00:00
opportunity,98381472,5,0.007937629315024487,2026-09-04T06:34:12+00:00
opportunity,98381472,6,0.007003484710132012,2026-09-04T06:34:12+00:00
opportunity,98381472,7,0.0,2026-09-04T06:34:12+00:00
opportunity,98381472,8,0.0,2026-09-04T06:34:12+00:00
opportunity,98381472,9,0.015184194798585047,2026-09-04T06:34:12+00:00
opportunity,98381472,10,0.0,2026-09-04T06:34:12+00:00
opportunity,98381472,11,0.07287882036534632,2026-09-04T06:34:12+00:00
opportunity,98381472,12,0.0,2026-09-04T06:34:12+00:00
opportunity,98381472,13,0.0004226293813600154,2026-09-04T06:34:12+00:00
opportunity,98381489,0,0.0,2026-09-04T06:34:12+00:00
opportunity,98381489,1,0.9554239217194396,2026-09-04T06:34:12+00:00
opportunity,98381489,2,0.0,2026-09-04T06:34:12+00:00
opportunity,98381489,3,0.0,2026-09-04T06:34:12+00:00
opportunity,98381489,4,0.004119763668979929,2026-09-04T06:34:12+00:00
opportunity,98381489,5,0.0,2026-09-04T06:34:12+00:00
opportunity,98381489,6,0.0,2026-09-04T06:34:12+00:00
opportunity,98381489,7,0.0008130531264064566,2026-09-04T06:34:12+00:00
opportunity,98381489,8,0.0,2026-09-04T06:34:12+00:00
opportunity,98381489,9,0.0,2026-09-04T06:34:12+00:00
opportunity,98381489,10,0.0,2026-09-04T06:34:12+00:00
opportunity,98381489,11,0.03964326148517409,2026-09-04T06:34:12+00:00
opportunity,98381489,12,0.0,2026-09-04T06:34:12+00:00
opportunity,98381489,13,0.0,2026-09-04T06:34:12+00:00
opportunity,98381501,0,0.0,2026-09-04T06:34:12+00:00
opportunity,98381501,1,0.9553306206216724,2026-09-04T06:34:12+00:00
opportunity,98381501,2,0.0,2026-09-04T06:34:12+00:00
opportunity,98381501,3,0.0,2026-09-04T06:34:12+00:00
opportunity,98381501,4,0.0045968545957605095,2026-09-04T06:34:12+00:00
opportunity,98381501,5,0.0,2026-09-04T06:34:12+00:00
opportunity,98381501,6,0.0,2026-09-04T06:34:12+00:00
opportunity,98381501,7,0.0009028055847194041,2026-09-04T06:34:12+00:00
opportunity,98381501,8,0.0,2026-09-04T06:34:12+00:00
opportunity,98381501,9,0.0,2026-09-04T06:34:12+00:00
opportunity,98381501,10,0.0,2026-09-04T06:34:12+00:00
opportunity,98381501,11,0.039169719197847806,2026-09-04T06:34:12+00:00
opportunity,98381501,12,0.0,2026-09-04T06:34:12+00:00
opportunity,98381501,13,0.0,2026-09-04T06:34:12+00:00
opportunity,98381517,0,0.0,2026-09-04T06:34:12+00:00
opportunity,98381517,1,0.006888196743493391,2026-09-04T06:34:12+00:00
opportunity,98381517,2,0.05501347179167312,2026-09-04T06:34:12+00:00
opportunity,98381517,3,0.0,2026-09-04T06:34:12+00:00
opportunity,98381517,4,0.9380983314648333,2026-09-04T06:34:12+00:00
opportunity,98381517,5,0.0,2026-09-04T06:34:12+00:00
opportunity,98381517,6,0.0,2026-09-04T06:34:12+00:00
opportunity,98381517,7,0.0,2026-09-04T06:34:12+00:00
opportunity,98381517,8,0.0,2026-09-04T06:34:12+00:00
opportunity,98381517,9,0.0,2026-09-04T06:34:12+00:00
opportunity,98381517,10,0.0,2026-09-04T06:34:12+00:00
opportunity,98381517,11,0.0,2026-09-04T06:34:12+00:00
opportunity,98381517,12,0.0,2026-09-04T06:34:12+00:00
opportunity,98381517,13,0.0,2026-09-04T06:34:12+00:00
opportunity,98381519,0,0.0,2026-09-04T06:34:12+00:00
opportunity,98381519,1,0.0,2026-09-04T06:34:12+00:00
opportunity,98381519,2,0.032537375523719506,2026-09-04T06:34:12+00:00
opportunity,98381519,3,0.0,2026-09-04T06:34:12+00:00
opportunity,98381519,4,0.9533568296431688,2026-09-04T06:34:12+00:00
opportunity,98381519,5,0.0,2026-09-04T06:34:12+00:00
opportunity,98381519,6,0.0,2026-09-04T06:34:12+00:00
opportunity,98381519,7,0.0,2026-09-04T06:34:12+00:00
opportunity,98381519,8,0.0,2026-09-04T06:34:12+00:00
opportunity,98381519,9,0.011303812655354252,2026-09-04T06:34:12+00:00
opportunity,98381519,10,0.0,2026-09-04T06:34:12+00:00
opportunity,98381519,11,0.002801982177757608,2026-09-04T06:34:12+00:00
opportunity,98381519,12,0.0,2026-09-04T06:34:12+00:00
opportunity,98381519,13,0.0,2026-09-04T06:34:12+00:00
opportunity,98381520,0,0.057307996942345445,2026-09-04T06:34:12+00:00
opportunity,98381520,1,0.011609337394771166,2026-09-04T06:34:12+00:00
opportunity,98381520,2,0.42370377448230606,2026-09-04T06:34:12+00:00
opportunity,98381520,3,0.0,2026-09-04T06:34:12+00:00
opportunity,98381520,4,0.0,2026-09-04T06:34:12+00:00
opportunity,98381520,5,0.12904558406027547,2026-09-04T06:34:12+00:00
opportunity,98381520,6,0.02292339225132418,2026-09-04T06:34:12+00:00
opportunity,98381520,7,0.0,2026-09-04T06:34:12+00:00
opportunity,98381520,8,0.20671970712490131,2026-09-04T06:34:12+00:00
opportunity,98381520,9,0.0,2026-09-04T06:34:12+00:00
opportunity,98381520,10,0.12151418243821692,2026-09-04T06:34:12+00:00
opportunity,98381520,11,0.005255515467867535,2026-09-04T06:34:12+00:00
opportunity,98381520,12,0.0,2026-09-04T06:34:12+00:00
opportunity,98381520,13,0.021920509837991792,2026-09-04T06:34:12+00:00
opportunity,98381525,0,0.4315896282295649,2026-09-04T06:34:12+00:00
opportunity,98381525,1,0.0,2026-09-04T06:34:12+00:00
opportunity,98381525,2,0.0,2026-09-04T06:34:12+00:00
opportunity,98381525,3,0.0,2026-09-04T06:34:12+00:00
opportunity,98381525,4,0.07530988357706633,2026-09-04T06:34:12+00:00
opportunity,98381525,5,0.48978550004029814,2026-09-04T06:34:12+00:00
opportunity,98381525,6,0.0,2026-09-04T06:34:12+00:00
opportunity,98381525,7,0.003314988153070551,2026-09-04T06:34:12+00:00
opportunity,98381525,8,0.0,2026-09-04T06:34:12+00:00
opportunity,98381525,9,0.0,2026-09-04T06:34:12+00:00
opportunity,98381525,10,0.0,2026-09-04T06:34:12+00:00
opportunity,98381525,11,0.0,2026-09-04T06:34:12+00:00
opportunity,98381525,12,0.0,2026-09-04T06:34:12+00:00
opportunity,98381525,13,0.0,2026-09-04T06:34:12+00:00
opportunity,98381528,0,0.3837784652619749,2026-09-04T06:34:12+00:00
opportunity,98381528,1,0.0,2026-09-04T06:34:12+00:00
opportunity,98381528,2,0.0,2026-09-04T06:34:12+00:00
opportunity,98381528,3,0.0,2026-09-04T06:34:12+00:00
opportunity,98381528,4,0.28811306787235863,2026-09-04T06:34:12+00:00
opportunity,98381528,5,0.3079659190217937,2026-09-04T06:34:12+00:00
opportunity,98381528,6,0.0,2026-09-04T06:34:12+00:00
opportunity,98381528,7,0.0,2026-09-04T06:34:12+00:00
opportunity,98381528,8,0.02014254784387287,2026-09-04T06:34:12+00:00
opportunity,98381528,9,0.0,2026-09-04T06:34:12+00:00
opportunity,98381528,10,0.0,2026-09-04T06:34:12+00:00
opportunity,98381528,11,0.0,2026-09-04T06:34:12+00:00
opportunity,98381528,12,0.0,2026-09-04T06:34:12+00:00
opportunity,98381528,13,0.0,2026-09-04T06:34:12+00:00
opportunity,98381541,0,0.0,2026-09-04T06:34:12+00:00
opportunity,98381541,1,0.0,2026-09-04T06:34:12+00:00
opportunity,98381541,2,0.0,2026-09-04T06:34:12+00:00
opportunity,98381541,3,0.9958041877812167,2026-09-04T06:34:12+00:00
opportunity,98381541,4,0.0,2026-09-04T06:34:12+00:00
opportunity,98381541,5,0.0,2026-09-04T06:34:12+00:00
opportunity,98381541,6,0.0,2026-09-04T06:34:12+00:00
opportunity,98381541,7,0.0,2026-09-04T06:34:12+00:00
opportunity,98381541,8,0.0,2026-09-04T06:34:12+00:00
opportunity,98381541,9,0.0,2026-09-04T06:34:12+00:00
opportunity,98381541,10,0.0,2026-09-04T06:34:12+00:00
opportunity,98381541,11,0.0041958122187832425,2026-09-04T06:34:12+00:00
opportunity,98381541,12,0.0,2026-09-04T06:34:12+00:00
opportunity,98381541,13,0.0,2026-09-04T06:34:12+00:00
opportunity,98381544,0,0.0,2026-09-04T06:34:12+00:00
opportunity,98381544,1,0.0,2026-09-04T06:34:12+00:00
opportunity,98381544,2,0.0,2026-09-04T06:34:12+00:00
opportunity,98381544,3,0.9958041877812167,2026-09-04T06:34:12+00:00
opportunity,98381544,4,0.0,2026-09-04T06:34:12+00:00
opportunity,98381544,5,0.0,2026-09-04T06:34:12+00:00
opportunity,98381544,6,0.0,2026-09-04T06:34:12+00:00
opportunity,98381544,7,0.0,2026-09-04T06:34:12+00:00
opportunity,98381544,8,0.0,2026-09-04T06:34:12+00:00
opportunity,98381544,9,0.0,2026-09-04T06:34:12+00:00
opportunity,98381544,10,0.0,2026-09-04T06:34:12+00:00
opportunity,98381544,11,0.0041958122187832425,2026-09-04T06:34:12+00:00
opportunity,98381544,12,0.0,2026-09-04T06:34:12+00:00
opportunity,98381544,13,0.0,2026-09-04T06:34:12+00:00
opportunity,98381548,0,0.06218464123027319,2026-09-04T06:34:12+00:00
opportunity,98381548,1,0.009280194868148526,2026-09-04T06:34:12+00:00
opportunity,98381548,2,0.42345362806154163,2026-09-04T06:34:12+00:00
opportunity,98381548,3,0.0,2026-09-04T06:34:12+00:00
opportunity,98381548,4,0.0,2026-09-04T06:34:12+00:00
opportunity,98381548,5,0.13955729995456778,2026-09-04T06:34:12+00:00
opportunity,98381548,6,0.003089727328022525,2026-09-04T06:34:12+00:00
opportunity,98381548,7,0.012139439022390015,2026-09-04T06:34:12+00:00
opportunity,98381548,8,0.2014635479805498,2026-09-04T06:34:12+00:00
opportunity,98381548,9,0.0,2026-09-04T06:34:12+00:00
opportunity,98381548,10,0.10825468083670452,2026-09-04T06:34:12+00:00
opportunity,98381548,11,0.02407468095159995,2026-09-04T06:34:12+00:00
opportunity,98381548,12,0.0,2026-09-04T06:34:12+00:00
opportunity,98381548,13,0.016502159766202052,2026-09-04T06:34:12+00:00
opportunity,98381563,0,0.029594665203154676,2026-09-04T06:34:12+00:00
opportunity,98381563,1,0.000896768068126215,2026-09-04T06:34:12+00:00
opportunity,98381563,2,0.22782946260463,2026-09-04T06:34:12+00:00
opportunity,98381563,3,0.014640775528810438,2026-09-04T06:34:12+00:00
opportunity,98381563,4,0.0,2026-09-04T06:34:12+00:00
opportunity,98381563,5,0.03377687074108051,2026-09-04T06:34:12+00:00
opportunity,98381563,6,0.004625369340256377,2026-09-04T06:34:12+00:00
opportunity,98381563,7,0.0058320497240439105,2026-09-04T06:34:12+00:00
opportunity,98381563,8,0.0333426278151443,2026-09-04T06:34:12+00:00
opportunity,98381563,9,0.0,2026-09-04T06:34:12+00:00
opportunity,98381563,10,0.38313299837022724,2026-09-04T06:34:12+00:00
opportunity,98381563,11,0.20091018470519534,2026-09-04T06:34:12+00:00
opportunity,98381563,12,0.016663179488428676,2026-09-04T06:34:12+00:00
opportunity,98381563,13,0.04875504841090215,2026-09-04T06:34:12+00:00
opportunity,98381575,0,0.011963263399251262,2026-09-04T06:34:12+00:00
opportunity,98381575,1,0.0,2026-09-04T06:34:12+00:00
opportunity,98381575,2,0.16420486148678293,2026-09-04T06:34:12+00:00
opportunity,98381575,3,0.046210314798093115,2026-09-04T06:34:12+00:00
opportunity,98381575,4,0.0,2026-09-04T06:34:12+00:00
opportunity,98381575,5,0.012597173785448244,2026-09-04T06:34:12+00:00
opportunity,98381575,6,0.0,2026-09-04T06:34:12+00:00
opportunity,98381575,7,0.0021419799538678007,2026-09-04T06:34:12+00:00
opportunity,98381575,8,0.0,2026-09-04T06:34:12+00:00
opportunity,98381575,9,0.01673780406629606,2026-09-04T06:34:12+00:00
opportunity,98381575,10,0.3943462926948819,2026-09-04T06:34:12+00:00
opportunity,98381575,11,0.23465274470178532,2026-09-04T06:34:12+00:00
opportunity,98381575,12,0.07130816729267657,2026-09-04T06:34:12+00:00
opportunity,98381575,13,0.04583739782091702,2026-09-04T06:34:12+00:00
opportunity,98381606,0,0.8746823672553455,2026-09-04T06:34:12+00:00
opportunity,98381606,1,0.0,2026-09-04T06:34:12+00:00
opportunity,98381606,2,0.0,2026-09-04T06:34:12+00:00
opportunity,98381606,3,0.0,2026-09-04T06:34:12+00:00
opportunity,98381606,4,0.0,2026-09-04T06:34:12+00:00
opportunity,98381606,5,0.0,2026-09-04T06:34:12+00:00
opportunity,98381606,6,0.12039358917736467,2026-09-04T06:34:12+00:00
opportunity,98381606,7,0.0,2026-09-04T06:34:12+00:00
opportunity,98381606,8,0.0,2026-09-04T06:34:12+00:00
opportunity,98381606,9,0.0,2026-09-04T06:34:12+00:00
opportunity,98381606,10,0.004924043567289694,2026-09-04T06:34:12+00:00
opportunity,98381606,11,0.0,2026-09-04T06:34:12+00:00
opportunity,98381606,12,0.0,2026-09-04T06:34:12+00:00
opportunity,98381606,13,0.0,2026-09-04T06:34:12+00:00
opportunity,98381608,0,0.9062311521936762,2026-09-04T06:34:12+00:00
opportunity,98381608,1,0.0,2026-09-04T06:34:12+00:00
opportunity,98381608,2,0.0,2026-09-04T06:34:12+00:00
opportunity,98381608,3,0.0,2026-09-04T06:34:12+00:00
opportunity,98381608,4,0.0,2026-09-04T06:34:12+00:00
opportunity,98381608,5,0.0,2026-09-04T06:34:12+00:00
opportunity,98381608,6,0.08471215355851176,2026-09-04T06:34:12+00:00
opportunity,98381608,7,0.006345301053609858,2026-09-04T06:34:12+00:00
opportunity,98381608,8,0.0,2026-09-04T06:34:12+00:00
opportunity,98381608,9,0.0,2026-09-04T06:34:12+00:00
opportunity,98381608,10,0.002711393194202165,2026-09-04T06:34:12+00:00
opportunity,98381608,11,0.0,2026-09-04T06:34:12+00:00
opportunity,98381608,12,0.0,2026-09-04T06:34:12+00:00
opportunity,98381608,13,0.0,2026-09-04T06:34:12+00:00
opportunity,98381611,0,0.25858454057135444,2026-09-04T06:34:12+00:00
opportunity,98381611,1,0.0,2026-09-04T06:34:12+00:00
opportunity,98381611,2,0.0,2026-09-04T06:34:12+00:00
opportunity,98381611,3,1.7680211929052446e-05,2026-09-04T06:34:12+00:00
opportunity,98381611,4,0.0,2026-09-04T06:34:12+00:00
opportunity,98381611,5,0.0,2026-09-04T06:34:12+00:00
opportunity,98381611,6,0.0,2026-09-04T06:34:12+00:00
opportunity,98381611,7,0.0,2026-09-04T06:34:12+00:00
opportunity,98381611,8,0.0,2026-09-04T06:34:12+00:00
opportunity,98381611,9,0.3991270609306391,2026-09-04T06:34:12+00:00
opportunity,98381611,10,0.0,2026-09-04T06:34:12+00:00
opportunity,98381611,11,0.0,2026-09-04T06:34:12+00:00
opportunity,98381611,12,0.12398193774396946,2026-09-04T06:34:12+00:00
opportunity,98381611,13,0.21828878054210796,2026-09-04T06:34:12+00:00
opportunity,98381617,0,0.296043479145664,2026-09-04T06:34:12+00:00
opportunity,98381617,1,0.0,2026-09-04T06:34:12+00:00
opportunity,98381617,2,0.0,2026-09-04T06:34:12+00:00
opportunity,98381617,3,0.0,2026-09-04T06:34:12+00:00
opportunity,98381617,4,0.0,2026-09-04T06:34:12+00:00
opportunity,98381617,5,0.0,2026-09-04T06:34:12+00:00
opportunity,98381617,6,0.0,2026-09-04T06:34:12+00:00
opportunity,98381617,7,0.0,2026-09-04T06:34:12+00:00
opportunity,98381617,8,0.0,2026-09-04T06:34:12+00:00
opportunity,98381617,9,0.34874224629318346,2026-09-04T06:34:12+00:00
opportunity,98381617,10,0.0,2026-09-04T06:34:12+00:00
opportunity,98381617,11,0.03364591978463801,2026-09-04T06:34:12+00:00
opportunity,98381617,12,0.1352923118057553,2026-09-04T06:34:12+00:00
opportunity,98381617,13,0.18627604297075942,2026-09-04T06:34:12+00:00
opportunity,98381627,0,0.11132109523517461,2026-09-04T06:34:12+00:00
opportunity,98381627,1,0.011901953627540488,2026-09-04T06:34:12+00:00
opportunity,98381627,2,0.0,2026-09-04T06:34:12+00:00
opportunity,98381627,3,0.5311740075727086,2026-09-04T06:34:12+00:00
opportunity,98381627,4,0.03533859574158229,2026-09-04T06:34:12+00:00
opportunity,98381627,5,0.001725201219702822,2026-09-04T06:34:12+00:00
opportunity,98381627,6,0.0011965363981716885,2026-09-04T06:34:12+00:00
opportunity,98381627,7,0.0,2026-09-04T06:34:12+00:00
opportunity,98381627,8,0.004958444995855166,2026-09-04T06:34:12+00:00
opportunity,98381627,9,0.0950553378695653,2026-09-04T06:34:12+00:00
opportunity,98381627,10,0.02322243434895661,2026-09-04T06:34:12+00:00
opportunity,98381627,11,0.0,2026-09-04T06:34:12+00:00
opportunity,98381627,12,0.1841063929907423,2026-09-04T06:34:12+00:00
opportunity,98381627,13,0.0,2026-09-04T06:34:12+00:00
opportunity,98381708,0,0.12809768655320358,2026-09-04T06:34:12+00:00
opportunity,98381708,1,0.026030351631392896,2026-09-04T06:34:12+00:00
opportunity,98381708,2,0.10590067087555358,2026-09-04T06:34:12+00:00
opportunity,98381708,3,0.04588535443461642,2026-09-04T06:34:12+00:00
opportunity,98381708,4,0.07957860267401791,2026-09-04T06:34:12+00:00
opportunity,98381708,5,0.5310750270858168,2026-09-04T06:34:12+00:00
opportunity,98381708,6,0.0,2026-09-04T06:34:12+00:00
opportunity,98381708,7,0.0002923303668769665,2026-09-04T06:34:12+00:00
opportunity,98381708,8,0.04199679467355226,2026-09-04T06:34:12+00:00
opportunity,98381708,9,0.0,2026-09-04T06:34:12+00:00
opportunity,98381708,10,0.0,2026-09-04T06:34:12+00:00
opportunity,98381708,11,0.0,2026-09-04T06:34:12+00:00
opportunity,98381708,12,0.0,2026-09-04T06:34:12+00:00
opportunity,98381708,13,0.041143181704969514,2026-09-04T06:34:12+00:00
opportunity,98381713,0,0.0,2026-09-04T06:34:12+00:00
opportunity,98381713,1,0.0,2026-09-04T06:34:12+00:00
opportunity,98381713,2,0.0,2026-09-04T06:34:12+00:00
opportunity,98381713,3,0.0,2026-09-04T06:34:12+00:00
opportunity,98381713,4,0.0,2026-09-04T06:34:12+00:00
opportunity,98381713,5,0.0,2026-09-04T06:34:12+00:00
opportunity,98381713,6,0.0,2026-09-04T06:34:12+00:00
opportunity,98381713,7,0.0,2026-09-04T06:34:12+00:00
opportunity,98381713,8,0.0,2026-09-04T06:34:12+00:00
opportunity,98381713,9,0.0,2026-09-04T06:34:12+00:00
opportunity,98381713,10,0.0,2026-09-04T06:34:12+00:00
opportunity,98381713,11,1.0,2026-09-04T06:34:12+00:00
opportunity,98381713,12,0.0,2026-09-04T06:34:12+00:00
opportunity,98381713,13,0.0,2026-09-04T06:34:12+00:00
opportunity,98381717,0,0.16043112660806103,2026-09-04T06:34:12+00:00
opportunity,98381717,1,0.02017559563181232,2026-09-04T06:34:12+00:00
opportunity,98381717,2,0.07327490085414226,2026-09-04T06:34:12+00:00
opportunity,98381717,3,0.017259140108487465,2026-09-04T06:34:12+00:00
opportunity,98381717,4,0.05913301231478042,2026-09-04T06:34:12+00:00
opportunity,98381717,5,0.540315721272575,2026-09-04T06:34:12+00:00
opportunity,98381717,6,0.0,2026-09-04T06:34:12+00:00
opportunity,98381717,7,0.027910270008068602,2026-09-04T06:34:12+00:00
opportunity,98381717,8,0.022424741496683064,2026-09-04T06:34:12+00:00
opportunity,98381717,9,0.0,2026-09-04T06:34:12+00:00
opportunity,98381717,10,0.0771102285758859,2026-09-04T06:34:12+00:00
opportunity,98381717,11,0.0,2026-09-04T06:34:12+00:00
opportunity,98381717,12,0.001965263129504008,2026-09-04T06:34:12+00:00
opportunity,98381717,13,0.0,2026-09-04T06:34:12+00:00
opportunity,98381727,0,0.16628050565910324,2026-09-04T06:34:12+00:00
opportunity,98381727,1,0.01376695389453543,2026-09-04T06:34:12+00:00
opportunity,98381727,2,0.07627561314480193,2026-09-04T06:34:12+00:00
opportunity,98381727,3,0.011392723593856334,2026-09-04T06:34:12+00:00
opportunity,98381727,4,0.04885453986983392,2026-09-04T06:34:12+00:00
opportunity,98381727,5,0.5384282985209977,2026-09-04T06:34:12+00:00
opportunity,98381727,6,0.0,2026-09-04T06:34:12+00:00
opportunity,98381727,7,0.0018848835203302253,2026-09-04T06:34:12+00:00
opportunity,98381727,8,0.02792842211555446,2026-09-04T06:34:12+00:00
opportunity,98381727,9,0.0,2026-09-04T06:34:12+00:00
opportunity,98381727,10,0.04053354642013941,2026-09-04T06:34:12+00:00
opportunity,98381727,11,0.0,2026-09-04T06:34:12+00:00
opportunity,98381727,12,0.058993131606547365,2026-09-04T06:34:12+00:00
opportunity,98381727,13,0.015661381654299932,2026-09-04T06:34:12+00:00
opportunity,98381734,0,0.004562271555034267,2026-09-04T06:34:12+00:00
opportunity,98381734,1,0.0,2026-09-04T06:34:12+00:00
opportunity,98381734,2,0.0,2026-09-04T06:34:12+00:00
opportunity,98381734,3,0.002685575296866579,2026-09-04T06:34:12+00:00
opportunity,98381734,4,0.0,2026-09-04T06:34:12+00:00
opportunity,98381734,5,0.006991658385999964,2026-09-04T06:34:12+00:00
opportunity,98381734,6,0.0,2026-09-04T06:34:12+00:00
opportunity,98381734,7,0.007331912814486148,2026-09-04T06:34:12+00:00
opportunity,98381734,8,0.0,2026-09-04T06:34:12+00:00
opportunity,98381734,9,0.0,2026-09-04T06:34:12+00:00
opportunity,98381734,10,0.0,2026-09-04T06:34:12+00:00
opportunity,98381734,11,0.9784285819476131,2026-09-04T06:34:12+00:00
opportunity,98381734,12,0.0,2026-09-04T06:34:12+00:00
opportunity,98381734,13,0.0,2026-09-04T06:34:12+00:00
opportunity,98381736,0,0.1488899100824163,2026-09-04T06:34:12+00:00
opportunity,98381736,1,0.017499037082437916,2026-09-04T06:34:12+00:00
opportunity,98381736,2,0.07407082087780141,2026-09-04T06:34:12+00:00
opportunity,98381736,3,0.013553089968051286,2026-09-04T06:34:12+00:00
opportunity,98381736,4,0.04858857336903255,2026-09-04T06:34:12+00:00
opportunity,98381736,5,0.5721003772990783,2026-09-04T06:34:12+00:00
opportunity,98381736,6,0.0,2026-09-04T06:34:12+00:00
opportunity,98381736,7,0.012523177708152233,2026-09-04T06:34:12+00:00
opportunity,98381736,8,0.02027922676724007,2026-09-04T06:34:12+00:00
opportunity,98381736,9,0.0,2026-09-04T06:34:12+00:00
opportunity,98381736,10,0.04800523221379515,2026-09-04T06:34:12+00:00
opportunity,98381736,11,0.010003552020094246,2026-09-04T06:34:12+00:00
opportunity,98381736,12,0.034487002611900824,2026-09-04T06:34:12+00:00
opportunity,98381736,13,0.0,2026-09-04T06:34:12+00:00
opportunity,98381747,0,0.0,2026-09-04T06:34:12+00:00
opportunity,98381747,1,0.0022982319620507984,2026-09-04T06:34:12+00:00
opportunity,98381747,2,0.0,2026-09-04T06:34:12+00:00
opportunity,98381747,3,0.0,2026-09-04T06:34:12+00:00
opportunity,98381747,4,0.0,2026-09-04T06:34:12+00:00
opportunity,98381747,5,0.0,2026-09-04T06:34:12+00:00
opportunity,98381747,6,0.0,2026-09-04T06:34:12+00:00
opportunity,98381747,7,0.0,2026-09-04T06:34:12+00:00
opportunity,98381747,8,0.0,2026-09-04T06:34:12+00:00
opportunity,98381747,9,0.0,2026-09-04T06:34:12+00:00
opportunity,98381747,10,0.0,2026-09-04T06:34:12+00:00
opportunity,98381747,11,0.9971284253349135,2026-09-04T06:34:12+00:00
opportunity,98381747,12,0.0,2026-09-04T06:34:12+00:00
opportunity,98381747,13,0.0005733427030357052,2026-09-04T06:34:12+00:00
opportunity,98381758,0,0.0,2026-09-04T06:34:12+00:00
opportunity,98381758,1,0.0,2026-09-04T06:34:12+00:00
opportunity,98381758,2,0.0,2026-09-04T06:34:12+00:00
opportunity,98381758,3,0.0,2026-09-04T06:34:12+00:00
opportunity,98381758,4,0.0,2026-09-04T06:34:12+00:00
opportunity,98381758,5,1.0,2026-09-04T06:34:12+00:00
opportunity,98381758,6,0.0,2026-09-04T06:34:12+00:00
opportunity,98381758,7,0.0,2026-09-04T06:34:12+00:00
opportunity,98381758,8,0.0,2026-09-04T06:34:12+00:00
opportunity,98381758,9,0.0,2026-09-04T06:34:12+00:00
opportunity,98381758,10,0.0,2026-09-04T06:34:12+00:00
opportunity,98381758,11,0.0,2026-09-04T06:34:12+00:00
opportunity,98381758,12,0.0,2026-09-04T06:34:12+00:00
opportunity,98381758,13,0.0,2026-09-04T06:34:12+00:00
opportunity,98381759,0,0.0,2026-09-04T06:34:12+00:00
opportunity,98381759,1,0.0,2026-09-04T06:34:12+00:00
opportunity,98381759,2,0.0,2026-09-04T06:34:12+00:00
opportunity,98381759,3,0.0,2026-09-04T06:34:12+00:00
opportunity,98381759,4,0.0,2026-09-04T06:34:12+00:00
opportunity,98381759,5,1.0,2026-09-04T06:34:12+00:00
opportunity,98381759,6,0.0,2026-09-04T06:34:12+00:00
opportunity,98381759,7,0.0,2026-09-04T06:34:12+00:00
opportunity,98381759,8,0.0,2026-09-04T06:34:12+00:00
opportunity,98381759,9,0.0,2026-09-04T06:34:12+00:00
opportunity,98381759,10,0.0,2026-09-04T06:34:12+00:00
opportunity,98381759,11,0.0,2026-09-04T06:34:12+00:00
opportunity,98381759,12,0.0,2026-09-04T06:34:12+00:00
opportunity,98381759,13,0.0,2026-09-04T06:34:12+00:00
opportunity,98381763,0,0.0,2026-09-04T06:34:12+00:00
opportunity,98381763,1,0.0,2026-09-04T06:34:12+00:00
opportunity,98381763,2,0.0,2026-09-04T06:34:12+00:00
opportunity,98381763,3,0.0,2026-09-04T06:34:12+00:00
opportunity,98381763,4,0.0,2026-09-04T06:34:12+00:00
opportunity,98381763,5,0.0,2026-09-04T06:34:12+00:00
opportunity,98381763,6,0.0,2026-09-04T06:34:12+00:00
opportunity,98381763,7,0.0007382865700576603,2026-09-04T06:34:12+00:00
opportunity,98381763,8,0.0,2026-09-04T06:34:12+00:00
opportunity,98381763,9,0.0,2026-09-04T06:34:12+00:00
opportunity,98381763,10,0.0,2026-09-04T06:34:12+00:00
opportunity,98381763,11,0.0008083637953853191,2026-09-04T06:34:12+00:00
opportunity,98381763,12,0.998453349634557,2026-09-04T06:34:12+00:00
opportunity,98381763,13,0.0,2026-09-04T06:34:12+00:00
professor,1627935,0,0.0,2026-09-04T06:34:12+00:00
professor,1627935,1,0.0,2026-09-04T06:34:12+00:00
professor,1627935,2,1.8784368762577876e-05,2026-09-04T06:34:12+00:00
professor,1627935,3,0.0,2026-09-04T06:34:12+00:00
professor,1627935,4,0.0,2026-09-04T06:34:12+00:00
professor,1627935,5,0.4221923705164654,2026-09-04T06:34:12+00:00
professor,1627935,6,0.0,2026-09-04T06:34:12+00:00
professor,1627935,7,0.0,2026-09-04T06:34:12+00:00
professor,1627935,8,0.0,2026-09-04T06:34:12+00:00
professor,1627935,9,0.37014765200638416,2026-09-04T06:34:12+00:00
professor,1627935,10,0.007588469929077977,2026-09-04T06:34:12+00:00
professor,1627935,11,0.0045029143988054255,2026-09-04T06:34:12+00:00
professor,1627935,12,0.07573521752965622,2026-09-04T06:34:12+00:00
professor,1627935,13,0.1198145912508481,2026-09-04T06:34:12+00:00
professor,2194196,0,0.04676353935467394,2026-09-04T06:34:12+00:00
professor,2194196,1,0.0,2026-09-04T06:34:12+00:00
professor,2194196,2,0.07748024202331004,2026-09-04T06:34:12+00:00
professor,2194196,3,0.0883985163060861,2026-09-04T06:34:12+00:00
professor,2194196,4,0.028128731198178786,2026-09-04T06:34:12+00:00
professor,2194196,5,0.537598983890585,2026-09-04T06:34:12+00:00
professor,2194196,6,0.0,2026-09-04T06:34:12+00:00
professor,2194196,7,0.010634223173094143,2026-09-04T06:34:12+00:00
professor,2194196,8,0.02444178649988894,2026-09-04T06:34:12+00:00
professor,2194196,9,0.041586020362902,2026-09-04T06:34:12+00:00
professor,2194196,10,0.02852719623061642,2026-09-04T06:34:12+00:00
professor,2194196,11,0.0,2026-09-04T06:34:12+00:00
professor,2194196,12,0.044009210585299906,2026-09-04T06:34:12+00:00
professor,2194196,13,0.07243155037536465,2026-09-04T06:34:12+00:00
professor,2024367,0,0.0,2026-09-04T06:34:12+00:00
professor,2024367,1,0.0,2026-09-04T06:34:12+00:00
professor,2024367,2,0.0,2026-09-04T06:34:12+00:00
professor,2024367,3,0.0,2026-09-04T06:34:12+00:00
professor,2024367,4,0.0010320220018698268,2026-09-04T06:34:12+00:00
professor,2024367,5,0.0,2026-09-04T06:34:12+00:00
professor,2024367,6,0.0,2026-09-04T06:34:12+00:00
professor,2024367,7,0.0,2026-09-04T06:34:12+00:00
professor,2024367,8,0.0010933018031166683,2026-09-04T06:34:12+00:00
professor,2024367,9,0.0,2026-09-04T06:34:12+00:00
professor,2024367,10,0.9940871311937849,2026-09-04T06:34:12+00:00
professor,2024367,11,0.0,2026-09-04T06:34:12+00:00
professor,2024367,12,0.0037875450012284707,2026-09-04T06:34:12+00:00
professor,2024367,13,0.0,2026-09-04T06:34:12+00:00
professor,1241177,0,0.0,2026-09-04T06:34:12+00:00
professor,1241177,1,0.0,2026-09-04T06:34:12+00:00
professor,1241177,2,0.008544763823583386,2026-09-04T06:34:12+00:00
professor,1241177,3,0.0,2026-09-04T06:34:12+00:00
professor,1241177,4,0.0,2026-09-04T06:34:12+00:00
professor,1241177,5,0.9501749020161487,2026-09-04T06:34:12+00:00
professor,1241177,6,0.0,2026-09-04T06:34:12+00:00
professor,1241177,7,0.02608104151764585,2026-09-04T06:34:12+00:00
professor,1241177,8,0.0,2026-09-04T06:34:12+00:00
professor,1241177,9,0.013461970359323911,2026-09-04T06:34:12+00:00
professor,1241177,10,0.0,2026-09-04T06:34:12+00:00
professor,1241177,11,0.001737322283297982,2026-09-04T06:34:12+00:00
professor,1241177,12,0.0,2026-09-04T06:34:12+00:00
professor,1241177,13,0.0,2026-09-04T06:34:12+00:00
professor,1265949,0,0.0,2026-09-04T06:34:12+00:00
professor,1265949,1,0.0,2026-09-04T06:34:12+00:00
professor,1265949,2,0.0,2026-09-04T06:34:12+00:00
professor,1265949,3,0.0,2026-09-04T06:34:12+00:00
professor,1265949,4,0.0,2026-09-04T06:34:12+00:00
professor,1265949,5,0.0,2026-09-04T06:34:12+00:00
professor,1265949,6,0.0,2026-09-04T06:34:12+00:00
professor,1265949,7,0.0002460955233525534,2026-09-04T06:34:12+00:00
professor,1265949,8,0.0,2026-09-04T06:34:12+00:00
professor,1265949,9,0.0,2026-09-04T06:34:12+00:00
professor,1265949,10,0.0,2026-09-04T06:34:12+00:00
professor,1265949,11,0.00026945459846177306,2026-09-04T06:34:12+00:00
professor,1265949,12,0.9994844498781856,2026-09-04T06:34:12+00:00
professor,1265949,13,0.0,2026-09-04T06:34:12+00:00
professor,4420437,0,0.0021167025823035867,2026-09-04T06:34:12+00:00
professor,4420437,1,0.0,2026-09-04T06:34:12+00:00
professor,4420437,2,0.0,2026-09-04T06:34:12+00:00
professor,4420437,3,0.0,2026-09-04T06:34:12+00:00
professor,4420437,4,0.0,2026-09-04T06:34:12+00:00
professor,4420437,5,0.01593510058031842,2026-09-04T06:34:12+00:00
professor,4420437,6,0.0,2026-09-04T06:34:12+00:00
professor,4420437,7,0.0,2026-09-04T06:34:12+00:00
professor,4420437,8,0.0,2026-09-04T06:34:12+00:00
professor,4420437,9,0.9644516653962683,2026-09-04T06:34:12+00:00
professor,4420437,10,0.004163453999168655,2026-09-04T06:34:12+00:00
professor,4420437,11,0.009316515633156185,2026-09-04T06:34:12+00:00
professor,4420437,12,0.004016561808784909,2026-09-04T06:34:12+00:00
professor,4420437,13,0.0,2026-09-04T06:34:12+00:00
professor,1974414,0,0.0,2026-09-04T06:34:12+00:00
professor,1974414,1,0.0,2026-09-04T06:34:12+00:00
professor,1974414,2,0.9660122877478486,2026-09-04T06:34:12+00:00
professor,1974414,3,0.0,2026-09-04T06:34:12+00:00
professor,1974414,4,0.00977920660643609,2026-09-04T06:34:12+00:00
professor,1974414,5,0.0,2026-09-04T06:34:12+00:00
professor,1974414,6,0.0,2026-09-04T06:34:12+00:00
professor,1974414,7,0.010879932532893686,2026-09-04T06:34:12+00:00
professor,1974414,8,0.0,2026-09-04T06:34:12+00:00
professor,1974414,9,0.004446922548148694,2026-09-04T06:34:12+00:00
professor,1974414,10,0.0,2026-09-04T06:34:12+00:00
professor,1974414,11,0.002605480310838351,2026-09-04T06:34:12+00:00
professor,1974414,12,0.006276170253834526,2026-09-04T06:34:12+00:00
professor,1974414,13,0.0,2026-09-04T06:34:12+00:00
professor,1756620,0,0.0,2026-09-04T06:34:12+00:00
professor,1756620,1,0.0,2026-09-04T06:34:12+00:00
professor,1756620,2,0.0,2026-09-04T06:34:12+00:00
professor,1756620,3,0.9939684531045881,2026-09-04T06:34:12+00:00
professor,1756620,4,0.0,2026-09-04T06:34:12+00:00
professor,1756620,5,0.0,2026-09-04T06:34:12+00:00
professor,1756620,6,0.006031546895411823,2026-09-04T06:34:12+00:00
professor,1756620,7,0.0,2026-09-04T06:34:12+00:00
professor,1756620,8,0.0,2026-09-04T06:34:12+00:00
professor,1756620,9,0.0,2026-09-04T06:34:12+00:00
professor,1756620,10,0.0,2026-09-04T06:34:12+00:00
professor,1756620,11,0.0,2026-09-04T06:34:12+00:00
professor,1756620,12,0.0,2026-09-04T06:34:12+00:00
professor,1756620,13,0.0,2026-09-04T06:34:12+00:00
professor,2106371,0,0.2643388955378183,2026-09-04T06:34:12+00:00
professor,2106371,1,0.04185463707125153,2026-09-04T06:34:12+00:00
professor,2106371,2,0.0,2026-09-04T06:34:12+00:00
professor,2106371,3,0.0,2026-09-04T06:34:12+00:00
professor,2106371,4,0.0,2026-09-04T06:34:12+00:00
professor,2106371,5,0.0,2026-09-04T06:34:12+00:00
professor,2106371,6,0.0,2026-09-04T06:34:12+00:00
professor,2106371,7,0.0,2026-09-04T06:34:12+00:00
professor,2106371,8,0.0,2026-09-04T06:34:12+00:00
professor,2106371,9,0.2902213048408102,2026-09-04T06:34:12+00:00
professor,2106371,10,0.0016613277463194789,2026-09-04T06:34:12+00:00
professor,2106371,11,0.0,2026-09-04T06:34:12+00:00
professor,2106371,12,0.4019238348038005,2026-09-04T06:34:12+00:00
professor,2106371,13,0.0,2026-09-04T06:34:12+00:00
professor,1556562,0,0.0,2026-09-04T06:34:12+00:00
professor,1556562,1,0.0,2026-09-04T06:34:12+00:00
professor,1556562,2,0.010333520623062248,2026-09-04T06:34:12+00:00
professor,1556562,3,0.0,2026-09-04T06:34:12+00:00
professor,1556562,4,0.0,2026-09-04T06:34:12+00:00
professor,1556562,5,0.0,2026-09-04T06:34:12+00:00
professor,1556562,6,0.0,2026-09-04T06:34:12+00:00
professor,1556562,7,0.0005864667719056585,2026-09-04T06:34:12+00:00
professor,1556562,8,0.0,2026-09-04T06:34:12+00:00
professor,1556562,9,0.004506379371528305,2026-09-04T06:34:12+00:00
professor,1556562,10,0.0,2026-09-04T06:34:12+00:00
professor,1556562,11,0.0024911890367969106,2026-09-04T06:34:12+00:00
professor,1556562,12,0.0035178797977733454,2026-09-04T06:34:12+00:00
professor,1556562,13,0.9785645643989336,2026-09-04T06:34:12+00:00
professor,1714987,0,0.04532587930753021,2026-09-04T06:34:12+00:00
professor,1714987,1,0.007768872986110617,2026-09-04T06:34:12+00:00
professor,1714987,2,0.015997540364640496,2026-09-04T06:34:12+00:00
professor,1714987,3,0.2110869357547372,2026-09-04T06:34:12+00:00
professor,1714987,4,0.005277459978662002,2026-09-04T06:34:12+00:00
professor,1714987,5,0.00149318641059594,2026-09-04T06:34:12+00:00
professor,1714987,6,0.09972031004673736,2026-09-04T06:34:12+00:00
professor,1714987,7,0.009037940835989296,2026-09-04T06:34:12+00:00
professor,1714987,8,0.027881485938165494,2026-09-04T06:34:12+00:00
professor,1714987,9,0.010632337226566594,2026-09-04T06:34:12+00:00
professor,1714987,10,0.06788505443468948,2026-09-04T06:34:12+00:00
professor,1714987,11,0.002197557457386468,2026-09-04T06:34:12+00:00
professor,1714987,12,0.29261166403904026,2026-09-04T06:34:12+00:00
professor,1714987,13,0.2030837752191485,2026-09-04T06:34:12+00:00
professor,6605449,0,0.0,2026-09-04T06:34:12+00:00
professor,6605449,1,0.0,2026-09-04T06:34:12+00:00
professor,6605449,2,0.0067749654568751115,2026-09-04T06:34:12+00:00
professor,6605449,3,0.0036830847277986153,2026-09-04T06:34:12+00:00
professor,6605449,4,0.0,2026-09-04T06:34:12+00:00
professor,6605449,5,0.4251460252739566,2026-09-04T06:34:12+00:00
professor,6605449,6,0.0008024266185713866,2026-09-04T06:34:12+00:00
professor,6605449,7,0.0041558423399751234,2026-09-04T06:34:12+00:00
professor,6605449,8,0.0025108032755202883,2026-09-04T06:34:12+00:00
professor,6605449,9,0.4085622349523089,2026-09-04T06:34:12+00:00
professor,6605449,10,0.049726817117185705,2026-09-04T06:34:12+00:00
professor,6605449,11,0.015009201250522687,2026-09-04T06:34:12+00:00
professor,6605449,12,0.08362859898728539,2026-09-04T06:34:12+00:00
professor,6605449,13,0.0,2026-09-04T06:34:12+00:00
professor,2269625,0,0.0,2026-09-04T06:34:12+00:00
professor,2269625,1,0.0,2026-09-04T06:34:12+00:00
professor,2269625,2,0.0,2026-09-04T06:34:12+00:00
professor,2269625,3,0.8281034723328523,2026-09-04T06:34:12+00:00
professor,2269625,4,0.0773552259437665,2026-09-04T06:34:12+00:00
professor,2269625,5,0.0,2026-09-04T06:34:12+00:00
professor,2269625,6,0.0,2026-09-04T06:34:12+00:00
professor,2269625,7,0.07808322685303035,2026-09-04T06:34:12+00:00
professor,2269625,8,0.0012476405539531474,2026-09-04T06:34:12+00:00
professor,2269625,9,0.015210434316397826,2026-09-04T06:34:12+00:00
professor,2269625,10,0.0,2026-09-04T06:34:12+00:00
professor,2269625,11,0.0,2026-09-04T06:34:12+00:00
professor,2269625,12,0.0,2026-09-04T06:34:12+00:00
professor,2269625,13,0.0,2026-09-04T06:34:12+00:00
professor,1301285,0,0.03396577599499794,2026-09-04T06:34:12+00:00
professor,1301285,1,0.00930136671669461,2026-09-04T06:34:12+00:00
professor,1301285,2,0.016304017336804606,2026-09-04T06:34:12+00:00
professor,1301285,3,0.005162577345425456,2026-09-04T06:34:12+00:00
professor,1301285,4,0.0,2026-09-04T06:34:12+00:00
professor,1301285,5,0.6953124295113903,2026-09-04T06:34:12+00:00
professor,1301285,6,0.0,2026-09-04T06:34:12+00:00
professor,1301285,7,0.0,2026-09-04T06:34:12+00:00
professor,1301285,8,0.025869906448042507,2026-09-04T06:34:12+00:00
professor,1301285,9,0.0,2026-09-04T06:34:12+00:00
professor,1301285,10,0.0,2026-09-04T06:34:12+00:00
professor,1301285,11,0.1508637592339779,2026-09-04T06:34:12+00:00
professor,1301285,12,0.05478431434873368,2026-09-04T06:34:12+00:00
professor,1301285,13,0.008435853063932993,2026-09-04T06:34:12+00:00
professor,3882870,0,0.0,2026-09-04T06:34:12+00:00
professor,3882870,1,0.0,2026-09-04T06:34:12+00:00
professor,3882870,2,0.0,2026-09-04T06:34:12+00:00
professor,3882870,3,0.07435897242356611,2026-09-04T06:34:12+00:00
professor,3882870,4,0.0,2026-09-04T06:34:12+00:00
professor,3882870,5,0.0,2026-09-04T06:34:12+00:00
professor,3882870,6,0.0,2026-09-04T06:34:12+00:00
professor,3882870,7,0.0,2026-09-04T06:34:12+00:00
professor,3882870,8,0.0,2026-09-04T06:34:12+00:00
professor,3882870,9,0.0,2026-09-04T06:34:12+00:00
professor,3882870,10,0.0,2026-09-04T06:34:12+00:00
professor,3882870,11,0.0,2026-09-04T06:34:12+00:00
professor,3882870,12,0.9158645075507611,2026-09-04T06:34:12+00:00
professor,3882870,13,0.00977652002567276,2026-09-04T06:34:12+00:00
professor,2882780,0,0.0037187959600588805,2026-09-04T06:34:12+00:00
professor,2882780,1,0.0,2026-09-04T06:34:12+00:00
professor,2882780,2,0.0,2026-09-04T06:34:12+00:00
professor,2882780,3,0.5817563711426263,2026-09-04T06:34:12+00:00
professor,2882780,4,0.00412641069568965,2026-09-04T06:34:12+00:00
professor,2882780,5,0.0,2026-09-04T06:34:12+00:00
professor,2882780,6,0.0,2026-09-04T06:34:12+00:00
professor,2882780,7,0.0,2026-09-04T06:34:12+00:00
professor,2882780,8,0.0,2026-09-04T06:34:12+00:00
professor,2882780,9,0.01746778880595229,2026-09-04T06:34:12+00:00
professor,2882780,10,0.0,2026-09-04T06:34:12+00:00
professor,2882780,11,0.0,2026-09-04T06:34:12+00:00
professor,2882780,12,0.39293063339567286,2026-09-04T06:34:12+00:00
professor,2882780,13,0.0,2026-09-04T06:34:12+00:00
professor,1653324,0,0.01329316759899927,2026-09-04T06:34:12+00:00
professor,1653324,1,0.0013328007689581542,2026-09-04T06:34:12+00:00
professor,1653324,2,0.00039351654659703495,2026-09-04T06:34:12+00:00
professor,1653324,3,0.0,2026-09-04T06:34:12+00:00
professor,1653324,4,0.034586304848757486,2026-09-04T06:34:12+00:00
professor,1653324,5,0.014825966837168504,2026-09-04T06:34:12+00:00
professor,1653324,6,0.0032047980102813257,2026-09-04T06:34:12+00:00
professor,1653324,7,0.0,2026-09-04T06:34:12+00:00
professor,1653324,8,0.0009329433952534162,2026-09-04T06:34:12+00:00
professor,1653324,9,0.9293650763601594,2026-09-04T06:34:12+00:00
professor,1653324,10,0.0,2026-09-04T06:34:12+00:00
professor,1653324,11,0.0,2026-09-04T06:34:12+00:00
professor,1653324,12,0.0,2026-09-04T06:34:12+00:00
professor,1653324,13,0.002065425633825453,2026-09-04T06:34:12+00:00
professor,2998692,0,0.0,2026-09-04T06:34:12+00:00
professor,2998692,1,0.0010771301866162348,2026-09-04T06:34:12+00:00
professor,2998692,2,0.9007412555328658,2026-09-04T06:34:12+00:00
professor,2998692,3,0.005230297132799142,2026-09-04T06:34:12+00:00
professor,2998692,4,0.004380611697546417,2026-09-04T06:34:12+00:00
professor,2998692,5,0.01898782187655372,2026-09-04T06:34:12+00:00
professor,2998692,6,0.0,2026-09-04T06:34:12+00:00
professor,2998692,7,0.005398131846630008,2026-09-04T06:34:12+00:00
professor,2998692,8,0.01962653153303916,2026-09-04T06:34:12+00:00
professor,2998692,9,0.01027502672206583,2026-09-04T06:34:12+00:00
professor,2998692,10,0.0,2026-09-04T06:34:12+00:00
professor,2998692,11,0.006929219090054796,2026-09-04T06:34:12+00:00
professor,2998692,12,0.003433954232422592,2026-09-04T06:34:12+00:00
professor,2998692,13,0.023920020149406338,2026-09-04T06:34:12+00:00
professor,2270384,0,0.5494163550579086,2026-09-04T06:34:12+00:00
professor,2270384,1,0.04304475034798806,2026-09-04T06:34:12+00:00
professor,2270384,2,0.0,2026-09-04T06:34:12+00:00
professor,2270384,3,0.0,2026-09-04T06:34:12+00:00
professor,2270384,4,0.0,2026-09-04T06:34:12+00:00
professor,2270384,5,0.20681418792576087,2026-09-04T06:34:12+00:00
professor,2270384,6,0.0,2026-09-04T06:34:12+00:00
professor,2270384,7,0.007587639163150204,2026-09-04T06:34:12+00:00
professor,2270384,8,0.06994786355584855,2026-09-04T06:34:12+00:00
professor,2270384,9,0.0,2026-09-04T06:34:12+00:00
professor,2270384,10,0.12318920394934366,2026-09-04T06:34:12+00:00
professor,2270384,11,0.0,2026-09-04T06:34:12+00:00
professor,2270384,12,0.0,2026-09-04T06:34:12+00:00
professor,2270384,13,0.0,2026-09-04T06:34:12+00:00
professor,1423644,0,0.0,2026-09-04T06:34:12+00:00
professor,1423644,1,0.0,2026-09-04T06:34:12+00:00
professor,1423644,2,0.0,2026-09-04T06:34:12+00:00
professor,1423644,3,0.0,2026-09-04T06:34:12+00:00
professor,1423644,4,0.0,2026-09-04T06:34:12+00:00
professor,1423644,5,0.0,2026-09-04T06:34:12+00:00
professor,1423644,6,0.0,2026-09-04T06:34:12+00:00
professor,1423644,7,0.0,2026-09-04T06:34:12+00:00
professor,1423644,8,1.0,2026-09-04T06:34:12+00:00
professor,1423644,9,0.0,2026-09-04T06:34:12+00:00
professor,1423644,10,0.0,2026-09-04T06:34:12+00:00
professor,1423644,11,0.0,2026-09-04T06:34:12+00:00
professor,1423644,12,0.0,2026-09-04T06:34:12+00:00
professor,1423644,13,0.0,2026-09-04T06:34:12+00:00
professor,1141406,0,0.0,2026-09-04T06:34:12+00:00
professor,1141406,1,0.0,2026-09-04T06:34:12+00:00
professor,1141406,2,0.0,2026-09-04T06:34:12+00:00
professor,1141406,3,0.04084254812787708,2026-09-04T06:34:12+00:00
professor,1141406,4,0.0,2026-09-04T06:34:12+00:00
professor,1141406,5,0.8558884627315982,2026-09-04T06:34:12+00:00
professor,1141406,6,0.047394819171632456,2026-09-04T06:34:12+00:00
professor,1141406,7,0.0,2026-09-04T06:34:12+00:00
professor,1141406,8,0.0,2026-09-04T06:34:12+00:00
professor,1141406,9,0.0,2026-09-04T06:34:12+00:00
professor,1141406,10,0.0551444445457143,2026-09-04T06:34:12+00:00
professor,1141406,11,0.0,2026-09-04T06:34:12+00:00
professor,1141406,12,0.0,2026-09-04T06:34:12+00:00
professor,1141406,13,0.0007297254231778781,2026-09-04T06:34:12+00:00
professor,1418174,0,0.00846459995415048,2026-09-04T06:34:12+00:00
professor,1418174,1,0.0,2026-09-04T06:34:12+00:00
professor,1418174,2,0.5821796924018925,2026-09-04T06:34:12+00:00
professor,1418174,3,0.3038820478693676,2026-09-04T06:34:12+00:00
professor,1418174,4,0.013587180950364085,2026-09-04T06:34:12+00:00
professor,1418174,5,0.0,2026-09-04T06:34:12+00:00
professor,1418174,6,0.0034757737686521035,2026-09-04T06:34:12+00:00
professor,1418174,7,0.0,2026-09-04T06:34:12+00:00
professor,1418174,8,0.0,2026-09-04T06:34:12+00:00
professor,1418174,9,0.025763489021863942,2026-09-04T06:34:12+00:00
professor,1418174,10,0.043727063258463775,2026-09-04T06:34:12+00:00
professor,1418174,11,0.01892015277524548,2026-09-04T06:34:12+00:00
professor,1418174,12,0.0,2026-09-04T06:34:12+00:00
professor,1418174,13,0.0,2026-09-04T06:34:12+00:00
professor,3140619,0,0.0,2026-09-04T06:34:12+00:00
professor,3140619,1,0.0,2026-09-04T06:34:12+00:00
professor,3140619,2,0.0,2026-09-04T06:34:12+00:00
professor,3140619,3,0.01688551242349678,2026-09-04T06:34:12+00:00
professor,3140619,4,0.9831144875765032,2026-09-04T06:34:12+00:00
professor,3140619,5,0.0,2026-09-04T06:34:12+00:00
professor,3140619,6,0.0,2026-09-04T06:34:12+00:00
professor,3140619,7,0.0,2026-09-04T06:34:12+00:00
professor,3140619,8,0.0,2026-09-04T06:34:12+00:00
professor,3140619,9,0.0,2026-09-04T06:34:12+00:00
professor,3140619,10,0.0,2026-09-04T06:34:12+00:00
professor,3140619,11,0.0,2026-09-04T06:34:12+00:00
professor,3140619,12,0.0,2026-09-04T06:34:12+00:00
professor,3140619,13,0.0,2026-09-04T06:34:12+00:00
professor,1916144,0,0.0,2026-09-04T06:34:12+00:00
professor,1916144,1,0.0,2026-09-04T06:34:12+00:00
professor,1916144,2,0.07819661981334389,2026-09-04T06:34:12+00:00
professor,1916144,3,0.29000548346763283,2026-09-04T06:34:12+00:00
professor,1916144,4,0.13058017907388983,2026-09-04T06:34:12+00:00
professor,1916144,5,0.0,2026-09-04T06:34:12+00:00
professor,1916144,6,0.0,2026-09-04T06:34:12+00:00
professor,1916144,7,0.22943681724199633,2026-09-04T06:34:12+00:00
professor,1916144,8,0.011153395283143122,2026-09-04T06:34:12+00:00
professor,1916144,9,0.0,2026-09-04T06:34:12+00:00
professor,1916144,10,0.25682205502572825,2026-09-04T06:34:12+00:00
professor,1916144,11,0.0038054500942659186,2026-09-04T06:34:12+00:00
professor,1916144,12,0.0,2026-09-04T06:34:12+00:00
professor,1916144,13,0.0,2026-09-04T06:34:12+00:00
professor,2033893,0,0.0,2026-09-04T06:34:12+00:00
professor,2033893,1,0.0,2026-09-04T06:34:12+00:00
professor,2033893,2,0.659191087859977,2026-09-04T06:34:12+00:00
professor,2033893,3,0.0,2026-09-04T06:34:12+00:00
professor,2033893,4,0.0037695925082318936,2026-09-04T06:34:12+00:00
professor,2033893,5,0.0,2026-09-04T06:34:12+00:00
professor,2033893,6,0.0,2026-09-04T06:34:12+00:00
professor,2033893,7,0.06025074370545149,2026-09-04T06:34:12+00:00
professor,2033893,8,0.2655247242965667,2026-09-04T06:34:12+00:00
professor,2033893,9,0.0,2026-09-04T06:34:12+00:00
professor,2033893,10,0.0,2026-09-04T06:34:12+00:00
professor,2033893,11,0.0,2026-09-04T06:34:12+00:00
professor,2033893,12,0.0,2026-09-04T06:34:12+00:00
professor,2033893,13,0.011263851629772781,2026-09-04T06:34:12+00:00
professor,3307604,0,0.01795650836206295,2026-09-04T06:34:12+00:00
professor,3307604,1,0.004274824985782081,2026-09-04T06:34:12+00:00
professor,3307604,2,0.0,2026-09-04T06:34:12+00:00
professor,3307604,3,0.0,2026-09-04T06:34:12+00:00
professor,3307604,4,0.1425635086869821,2026-09-04T06:34:12+00:00
professor,3307604,5,0.0,2026-09-04T06:34:12+00:00
professor,3307604,6,0.0717901106333297,2026-09-04T06:34:12+00:00
professor,3307604,7,0.0,2026-09-04T06:34:12+00:00
professor,3307604,8,0.0,2026-09-04T06:34:12+00:00
professor,3307604,9,0.0,2026-09-04T06:34:12+00:00
professor,3307604,10,0.0,2026-09-04T06:34:12+00:00
professor,3307604,11,0.0,2026-09-04T06:34:12+00:00
professor,3307604,12,0.0,2026-09-04T06:34:12+00:00
professor,3307604,13,0.7634150473318432,2026-09-04T06:34:12+00:00
professor,3223216,0,0.1978151787777055,2026-09-04T06:34:12+00:00
professor,3223216,1,0.09532852151231146,2026-09-04T06:34:12+00:00
professor,3223216,2,0.045920046632374756,2026-09-04T06:34:12+00:00
professor,3223216,3,0.02496647447883016,2026-09-04T06:34:12+00:00
professor,3223216,4,0.0016107216529206668,2026-09-04T06:34:12+00:00
professor,3223216,5,0.17669393145777598,2026-09-04T06:34:12+00:00
professor,3223216,6,0.028238004625862578,2026-09-04T06:34:12+00:00
professor,3223216,7,0.0021257937901766905,2026-09-04T06:34:12+00:00
professor,3223216,8,0.08942909890574713,2026-09-04T06:34:12+00:00
professor,3223216,9,0.0,2026-09-04T06:34:12+00:00
professor,3223216,10,0.06595813907567448,2026-09-04T06:34:12+00:00
professor,3223216,11,0.0022345389925903605,2026-09-04T06:34:12+00:00
professor,3223216,12,0.10599277289505425,2026-09-04T06:34:12+00:00
professor,3223216,13,0.163686777202976,2026-09-04T06:34:12+00:00
professor,1219840,0,0.004635855897956484,2026-09-04T06:34:12+00:00
professor,1219840,1,0.0,2026-09-04T06:34:12+00:00
professor,1219840,2,0.01882633562803452,2026-09-04T06:34:12+00:00
professor,1219840,3,0.9540616718305529,2026-09-04T06:34:12+00:00
professor,1219840,4,0.00021219097493689368,2026-09-04T06:34:12+00:00
professor,1219840,5,0.0,2026-09-04T06:34:12+00:00
professor,1219840,6,0.0,2026-09-04T06:34:12+00:00
professor,1219840,7,0.017482518437611713,2026-09-04T06:34:12+00:00
professor,1219840,8,0.004701942454546254,2026-09-04T06:34:12+00:00
professor,1219840,9,7.948477636130611e-05,2026-09-04T06:34:12+00:00
professor,1219840,10,0.0,2026-09-04T06:34:12+00:00
professor,1219840,11,0.0,2026-09-04T06:34:12+00:00
professor,1219840,12,0.0,2026-09-04T06:34:12+00:00
professor,1219840,13,0.0,2026-09-04T06:34:12+00:00
professor,2119250,0,0.11324837835356022,2026-09-04T06:34:12+00:00
professor,2119250,1,0.006520507594969867,2026-09-04T06:34:12+00:00
professor,2119250,2,0.021543394496009997,2026-09-04T06:34:12+00:00
professor,2119250,3,0.0,2026-09-04T06:34:12+00:00
professor,2119250,4,0.6483989057020978,2026-09-04T06:34:12+00:00
professor,2119250,5,0.016591154971804717,2026-09-04T06:34:12+00:00
professor,2119250,6,0.07955600757073944,2026-09-04T06:34:12+00:00
professor,2119250,7,0.0,2026-09-04T06:34:12+00:00
professor,2119250,8,0.00473474831629349,2026-09-04T06:34:12+00:00
professor,2119250,9,0.04495320528483147,2026-09-04T06:34:12+00:00
professor,2119250,10,0.0,2026-09-04T06:34:12+00:00
professor,2119250,11,0.012257703856777756,2026-09-04T06:34:12+00:00
professor,2119250,12,0.014539321962885064,2026-09-04T06:34:12+00:00
professor,2119250,13,0.03765667189003017,2026-09-04T06:34:12+00:00
professor,2151027,0,0.0,2026-09-04T06:34:12+00:00
professor,2151027,1,0.0,2026-09-04T06:34:12+00:00
professor,2151027,2,0.0,2026-09-04T06:34:12+00:00
professor,2151027,3,0.0,2026-09-04T06:34:12+00:00
professor,2151027,4,0.0,2026-09-04T06:34:12+00:00
professor,2151027,5,0.0,2026-09-04T06:34:12+00:00
professor,2151027,6,0.0,2026-09-04T06:34:12+00:00
professor,2151027,7,0.9915016054177077,2026-09-04T06:34:12+00:00
professor,2151027,8,0.0052696339888894765,2026-09-04T06:34:12+00:00
professor,2151027,9,4.869925480948245e-05,2026-09-04T06:34:12+00:00
professor,2151027,10,0.0,2026-09-04T06:34:12+00:00
professor,2151027,11,0.0,2026-09-04T06:34:12+00:00
professor,2151027,12,0.0,2026-09-04T06:34:12+00:00
professor,2151027,13,0.0031800613385933795,2026-09-04T06:34:12+00:00
professor,2269479,0,0.12604770031243576,2026-09-04T06:34:12+00:00
professor,2269479,1,0.04745474457825936,2026-09-04T06:34:12+00:00
professor,2269479,2,0.06188300103146491,2026-09-04T06:34:12+00:00
professor,2269479,3,0.01119906327155767,2026-09-04T06:34:12+00:00
professor,2269479,4,0.11466473567037597,2026-09-04T06:34:12+00:00
professor,2269479,5,0.0035867142706015346,2026-09-04T06:34:12+00:00
professor,2269479,6,0.04114988137596911,2026-09-04T06:34:12+00:00
professor,2269479,7,0.0036975562669966052,2026-09-04T06:34:12+00:00
professor,2269479,8,0.3259930347791145,2026-09-04T06:34:12+00:00
professor,2269479,9,0.0,2026-09-04T06:34:12+00:00
professor,2269479,10,0.0036198388383657516,2026-09-04T06:34:12+00:00
professor,2269479,11,0.0023419868666798866,2026-09-04T06:34:12+00:00
professor,2269479,12,0.0,2026-09-04T06:34:12+00:00
professor,2269479,13,0.2583617427381791,2026-09-04T06:34:12+00:00
professor,530117,0,0.0,2026-09-04T06:34:12+00:00
professor,530117,1,0.02860821021816836,2026-09-04T06:34:12+00:00
professor,530117,2,0.0,2026-09-04T06:34:12+00:00
professor,530117,3,0.0,2026-09-04T06:34:12+00:00
professor,530117,4,0.0,2026-09-04T06:34:12+00:00
professor,530117,5,0.9376787689848676,2026-09-04T06:34:12+00:00
professor,530117,6,0.0,2026-09-04T06:34:12+00:00
professor,530117,7,0.0,2026-09-04T06:34:12+00:00
professor,530117,8,0.023290530988712782,2026-09-04T06:34:12+00:00
professor,530117,9,0.0,2026-09-04T06:34:12+00:00
professor,530117,10,0.0,2026-09-04T06:34:12+00:00
professor,530117,11,0.010422489808251221,2026-09-04T06:34:12+00:00
professor,530117,12,0.0,2026-09-04T06:34:12+00:00
professor,530117,13,0.0,2026-09-04T06:34:12+00:00
professor,1164377,0,0.8827284661328574,2026-09-04T06:34:12+00:00
professor,1164377,1,0.0,2026-09-04T06:34:12+00:00
professor,1164377,2,0.0,2026-09-04T06:34:12+00:00
professor,1164377,3,0.0,2026-09-04T06:34:12+00:00
professor,1164377,4,0.009797201391206892,2026-09-04T06:34:12+00:00
professor,1164377,5,0.0,2026-09-04T06:34:12+00:00
professor,1164377,6,0.0,2026-09-04T06:34:12+00:00
professor,1164377,7,0.0,2026-09-04T06:34:12+00:00
professor,1164377,8,0.0,2026-09-04T06:34:12+00:00
professor,1164377,9,0.03832269780311665,2026-09-04T06:34:12+00:00
professor,1164377,10,0.005788812979048834,2026-09-04T06:34:12+00:00
professor,1164377,11,0.0,2026-09-04T06:34:12+00:00
professor,1164377,12,0.03327636740796885,2026-09-04T06:34:12+00:00
professor,1164377,13,0.03008645428580125,2026-09-04T06:34:12+00:00
professor,1715527,0,0.004055470464281552,2026-09-04T06:34:12+00:00
professor,1715527,1,0.025788758007818092,2026-09-04T06:34:12+00:00
professor,1715527,2,0.0,2026-09-04T06:34:12+00:00
professor,1715527,3,0.002773084715779653,2026-09-04T06:34:12+00:00
professor,1715527,4,0.0,2026-09-04T06:34:12+00:00
professor,1715527,5,0.06899747197195026,2026-09-04T06:34:12+00:00
professor,1715527,6,0.004195757522941414,2026-09-04T06:34:12+00:00
professor,1715527,7,0.01038072171534403,2026-09-04T06:34:12+00:00
professor,1715527,8,0.018838036245179355,2026-09-04T06:34:12+00:00
professor,1715527,9,0.0005936610049574943,2026-09-04T06:34:12+00:00
professor,1715527,10,0.0,2026-09-04T06:34:12+00:00
professor,1715527,11,0.00412205067773743,2026-09-04T06:34:12+00:00
professor,1715527,12,0.0,2026-09-04T06:34:12+00:00
professor,1715527,13,0.8602549876740108,2026-09-04T06:34:12+00:00
professor,1645285,0,0.0,2026-09-04T06:34:12+00:00
professor,1645285,1,0.007322158958867186,2026-09-04T06:34:12+00:00
professor,1645285,2,0.0,2026-09-04T06:34:12+00:00
professor,1645285,3,0.0,2026-09-04T06:34:12+00:00
professor,1645285,4,0.0,2026-09-04T06:34:12+00:00
professor,1645285,5,0.0018755761171909524,2026-09-04T06:34:12+00:00
professor,1645285,6,0.0026862015091458804,2026-09-04T06:34:12+00:00
professor,1645285,7,0.0,2026-09-04T06:34:12+00:00
professor,1645285,8,0.0023934442089497956,2026-09-04T06:34:12+00:00
professor,1645285,9,0.3266556742051878,2026-09-04T06:34:12+00:00
professor,1645285,10,0.07608835323694568,2026-09-04T06:34:12+00:00
professor,1645285,11,0.0,2026-09-04T06:34:12+00:00
professor,1645285,12,0.5829785917637127,2026-09-04T06:34:12+00:00
professor,1645285,13,0.0,2026-09-04T06:34:12+00:00
professor,3143109,0,0.47587847353255897,2026-09-04T06:34:12+00:00
professor,3143109,1,0.03421673997147933,2026-09-04T06:34:12+00:00
professor,3143109,2,0.016224990994447103,2026-09-04T06:34:12+00:00
professor,3143109,3,0.058114846931487496,2026-09-04T06:34:12+00:00
professor,3143109,4,0.03626780784503004,2026-09-04T06:34:12+00:00
professor,3143109,5,0.2956748079784721,2026-09-04T06:34:12+00:00
professor,3143109,6,0.0,2026-09-04T06:34:12+00:00
professor,3143109,7,0.049494225232240716,2026-09-04T06:34:12+00:00
professor,3143109,8,0.0,2026-09-04T06:34:12+00:00
professor,3143109,9,0.0,2026-09-04T06:34:12+00:00
professor,3143109,10,0.0,2026-09-04T06:34:12+00:00
professor,3143109,11,0.018608168660745973,2026-09-04T06:34:12+00:00
professor,3143109,12,0.0,2026-09-04T06:34:12+00:00
professor,3143109,13,0.015519938853538303,2026-09-04T06:34:12+00:00
professor,3443233,0,0.9450552797839217,2026-09-04T06:34:12+00:00
professor,3443233,1,0.0,2026-09-04T06:34:12+00:00
professor,3443233,2,0.0,2026-09-04T06:34:12+00:00
professor,3443233,3,0.0,2026-09-04T06:34:12+00:00
professor,3443233,4,0.0,2026-09-04T06:34:12+00:00
professor,3443233,5,0.0,2026-09-04T06:34:12+00:00
professor,3443233,6,0.0,2026-09-04T06:34:12+00:00
professor,3443233,7,0.0,2026-09-04T06:34:12+00:00
professor,3443233,8,0.0,2026-09-04T06:34:12+00:00
professor,3443233,9,0.0,2026-09-04T06:34:12+00:00
professor,3443233,10,0.0,2026-09-04T06:34:12+00:00
professor,3443233,11,0.054944720216078345,2026-09-04T06:34:12+00:00
professor,3443233,12,0.0,2026-09-04T06:34:12+00:00
professor,3443233,13,0.0,2026-09-04T06:34:12+00:00
professor,1370651,0,0.0,2026-09-04T06:34:12+00:00
professor,1370651,1,0.030112994212598655,2026-09-04T06:34:12+00:00
professor,1370651,2,0.84316087870402,2026-09-04T06:34:12+00:00
professor,1370651,3,0.0,2026-09-04T06:34:12+00:00
professor,1370651,4,0.0,2026-09-04T06:34:12+00:00
professor,1370651,5,0.0,2026-09-04T06:34:12+00:00
professor,1370651,6,0.05441377715786782,2026-09-04T06:34:12+00:00
professor,1370651,7,0.0,2026-09-04T06:34:12+00:00
professor,1370651,8,0.0,2026-09-04T06:34:12+00:00
professor,1370651,9,0.0,2026-09-04T06:34:12+00:00
professor,1370651,10,0.0,2026-09-04T06:34:12+00:00
professor,1370651,11,0.02520793287340806,2026-09-04T06:34:12+00:00
professor,1370651,12,0.0,2026-09-04T06:34:12+00:00
professor,1370651,13,0.0471044170521055,2026-09-04T06:34:12+00:00
professor,1114484,0,0.2753551017944779,2026-09-04T06:34:12+00:00
professor,1114484,1,0.00790430404764884,2026-09-04T06:34:12+00:00
professor,1114484,2,0.1642645012528732,2026-09-04T06:34:12+00:00
professor,1114484,3,0.05103197389534334,2026-09-04T06:34:12+00:00
professor,1114484,4,0.0,2026-09-04T06:34:12+00:00
professor,1114484,5,0.09688972204946003,2026-09-04T06:34:12+00:00
professor,1114484,6,0.0,2026-09-04T06:34:12+00:00
professor,1114484,7,0.00358311883225881,2026-09-04T06:34:12+00:00
professor,1114484,8,0.009717651029418638,2026-09-04T06:34:12+00:00
professor,1114484,9,0.0805561630968478,2026-09-04T06:34:12+00:00
professor,1114484,10,0.056426743105537226,2026-09-04T06:34:12+00:00
professor,1114484,11,0.04663464393195279,2026-09-04T06:34:12+00:00
professor,1114484,12,0.1655188997497072,2026-09-04T06:34:12+00:00
professor,1114484,13,0.042117177214474236,2026-09-04T06:34:12+00:00
professor,2370894,0,0.03550048795250458,2026-09-04T06:34:12+00:00
professor,2370894,1,0.0,2026-09-04T06:34:12+00:00
professor,2370894,2,0.0505560444079126,2026-09-04T06:34:12+00:00
professor,2370894,3,0.0,2026-09-04T06:34:12+00:00
professor,2370894,4,0.0,2026-09-04T06:34:12+00:00
professor,2370894,5,0.9002349568842981,2026-09-04T06:34:12+00:00
professor,2370894,6,0.000593402924657152,2026-09-04T06:34:12+00:00
professor,2370894,7,0.0,2026-09-04T06:34:12+00:00
professor,2370894,8,0.007674836723165017,2026-09-04T06:34:12+00:00
professor,2370894,9,0.0,2026-09-04T06:34:12+00:00
professor,2370894,10,0.0001848916983899358,2026-09-04T06:34:12+00:00
professor,2370894,11,0.0,2026-09-04T06:34:12+00:00
professor,2370894,12,0.0,2026-09-04T06:34:12+00:00
professor,2370894,13,0.005255379409072407,2026-09-04T06:34:12+00:00
professor,1298235,0,0.0,2026-09-04T06:34:12+00:00
professor,1298235,1,0.0,2026-09-04T06:34:12+00:00
professor,1298235,2,0.0,2026-09-04T06:34:12+00:00
professor,1298235,3,0.0,2026-09-04T06:34:12+00:00
professor,1298235,4,0.0,2026-09-04T06:34:12+00:00
professor,1298235,5,0.0,2026-09-04T06:34:12+00:00
professor,1298235,6,0.0,2026-09-04T06:34:12+00:00
professor,1298235,7,0.013816419812000902,2026-09-04T06:34:12+00:00
professor,1298235,8,0.9861835801879991,2026-09-04T06:34:12+00:00
professor,1298235,9,0.0,2026-09-04T06:34:12+00:00
professor,1298235,10,0.0,2026-09-04T06:34:12+00:00
professor,1298235,11,0.0,2026-09-04T06:34:12+00:00
professor,1298235,12,0.0,2026-09-04T06:34:12+00:00
professor,1298235,13,0.0,2026-09-04T06:34:12+00:00
professor,1345072,0,0.0,2026-09-04T06:34:12+00:00
professor,1345072,1,0.0,2026-09-04T06:34:12+00:00
professor,1345072,2,0.18618366319919857,2026-09-04T06:34:12+00:00
professor,1345072,3,0.04141604789388288,2026-09-04T06:34:12+00:00
professor,1345072,4,0.006758798608536897,2026-09-04T06:34:12+00:00
professor,1345072,5,0.0,2026-09-04T06:34:12+00:00
professor,1345072,6,0.0,2026-09-04T06:34:12+00:00
professor,1345072,7,0.04146042767354438,2026-09-04T06:34:12+00:00
professor,1345072,8,0.6315278838355762,2026-09-04T06:34:12+00:00
professor,1345072,9,0.06695686955769044,2026-09-04T06:34:12+00:00
professor,1345072,10,0.015790688386321527,2026-09-04T06:34:12+00:00
professor,1345072,11,0.0,2026-09-04T06:34:12+00:00
professor,1345072,12,0.00990562084524912,2026-09-04T06:34:12+00:00
professor,1345072,13,0.0,2026-09-04T06:34:12+00:00
professor,3305518,0,0.0,2026-09-04T06:34:12+00:00
professor,3305518,1,0.0013404004005073376,2026-09-04T06:34:12+00:00
professor,3305518,2,0.007826693144418107,2026-09-04T06:34:12+00:00
professor,3305518,3,0.7878749280308671,2026-09-04T06:34:12+00:00
professor,3305518,4,0.03305828161910315,2026-09-04T06:34:12+00:00
professor,3305518,5,0.0,2026-09-04T06:34:12+00:00
professor,3305518,6,0.05272590133336279,2026-09-04T06:34:12+00:00
professor,3305518,7,0.009081456271524336,2026-09-04T06:34:12+00:00
professor,3305518,8,0.06263762403395187,2026-09-04T06:34:12+00:00
professor,3305518,9,0.0,2026-09-04T06:34:12+00:00
professor,3305518,10,0.0025463798528502068,2026-09-04T06:34:12+00:00
professor,3305518,11,0.0,2026-09-04T06:34:12+00:00
professor,3305518,12,0.0,2026-09-04T06:34:12+00:00
professor,3305518,13,0.04290833531341506,2026-09-04T06:34:12+00:00
professor,3195712,0,0.0,2026-09-04T06:34:12+00:00
professor,3195712,1,0.0018086926702788374,2026-09-04T06:34:12+00:00
professor,3195712,2,0.0009092040944475763,2026-09-04T06:34:12+00:00
professor,3195712,3,0.3869682614778482,2026-09-04T06:34:12+00:00
professor,3195712,4,0.0,2026-09-04T06:34:12+00:00
professor,3195712,5,0.032117667149664235,2026-09-04T06:34:12+00:00
professor,3195712,6,0.01487052224546104,2026-09-04T06:34:12+00:00
professor,3195712,7,0.0,2026-09-04T06:34:12+00:00
professor,3195712,8,0.0018213153042515794,2026-09-04T06:34:12+00:00
professor,3195712,9,0.0250524151993088,2026-09-04T06:34:12+00:00
professor,3195712,10,0.4704326979909541,2026-09-04T06:34:12+00:00
professor,3195712,11,0.047039116216882816,2026-09-04T06:34:12+00:00
professor,3195712,12,0.015054912956760584,2026-09-04T06:34:12+00:00
professor,3195712,13,0.00392519469414234,2026-09-04T06:34:12+00:00
professor,1061797,0,0.07061219128203858,2026-09-04T06:34:12+00:00
professor,1061797,1,0.0,2026-09-04T06:34:12+00:00
professor,1061797,2,0.0,2026-09-04T06:34:12+00:00
professor,1061797,3,0.0,2026-09-04T06:34:12+00:00
professor,1061797,4,0.0,2026-09-04T06:34:12+00:00
professor,1061797,5,0.0,2026-09-04T06:34:12+00:00
professor,1061797,6,0.024230638347630572,2026-09-04T06:34:12+00:00
professor,1061797,7,0.0111147515897023,2026-09-04T06:34:12+00:00
professor,1061797,8,0.006278958094942598,2026-09-04T06:34:12+00:00
professor,1061797,9,0.0,2026-09-04T06:34:12+00:00
professor,1061797,10,0.0,2026-09-04T06:34:12+00:00
professor,1061797,11,0.01001422760956986,2026-09-04T06:34:12+00:00
professor,1061797,12,0.8545766775410303,2026-09-04T06:34:12+00:00
professor,1061797,13,0.023172555535085845,2026-09-04T06:34:12+00:00
professor,1358530,0,0.0,2026-09-04T06:34:12+00:00
professor,1358530,1,0.0140507340299685,2026-09-04T06:34:12+00:00
professor,1358530,2,0.0,2026-09-04T06:34:12+00:00
professor,1358530,3,0.0,2026-09-04T06:34:12+00:00
professor,1358530,4,0.01731571939148619,2026-09-04T06:34:12+00:00
professor,1358530,5,0.016188983623725995,2026-09-04T06:34:12+00:00
professor,1358530,6,0.014986354327342659,2026-09-04T06:34:12+00:00
professor,1358530,7,0.0,2026-09-04T06:34:12+00:00
professor,1358530,8,0.7294293603733286,2026-09-04T06:34:12+00:00
professor,1358530,9,0.02525548938324229,2026-09-04T06:34:12+00:00
professor,1358530,10,0.08364959741897436,2026-09-04T06:34:12+00:00
professor,1358530,11,0.009859503858390028,2026-09-04T06:34:12+00:00
professor,1358530,12,0.0,2026-09-04T06:34:12+00:00
professor,1358530,13,0.08926425759354124,2026-09-04T06:34:12+00:00
professor,2579081,0,0.0,2026-09-04T06:34:12+00:00
professor,2579081,1,0.011205779136584042,2026-09-04T06:34:12+00:00
professor,2579081,2,0.27390617196954375,2026-09-04T06:34:12+00:00
professor,2579081,3,0.012252685508109588,2026-09-04T06:34:12+00:00
professor,2579081,4,0.0,2026-09-04T06:34:12+00:00
professor,2579081,5,0.045774432555559214,2026-09-04T06:34:12+00:00
professor,2579081,6,0.010474891408032823,2026-09-04T06:34:12+00:00
professor,2579081,7,0.0,2026-09-04T06:34:12+00:00
professor,2579081,8,0.42602811642874105,2026-09-04T06:34:12+00:00
professor,2579081,9,0.01989105940674705,2026-09-04T06:34:12+00:00
professor,2579081,10,0.0,2026-09-04T06:34:12+00:00
professor,2579081,11,0.0,2026-09-04T06:34:12+00:00
professor,2579081,12,0.1237138579645512,2026-09-04T06:34:12+00:00
professor,2579081,13,0.07675300562213122,2026-09-04T06:34:12+00:00
professor,1918787,0,0.09774948407092685,2026-09-04T06:34:12+00:00
professor,1918787,1,0.0,2026-09-04T06:34:12+00:00
professor,1918787,2,0.04803971979117554,2026-09-04T06:34:12+00:00
professor,1918787,3,0.0,2026-09-04T06:34:12+00:00
professor,1918787,4,0.01958325361657286,2026-09-04T06:34:12+00:00
professor,1918787,5,0.01957687533618501,2026-09-04T06:34:12+00:00
professor,1918787,6,0.0,2026-09-04T06:34:12+00:00
professor,1918787,7,0.0,2026-09-04T06:34:12+00:00
professor,1918787,8,0.01643033118022723,2026-09-04T06:34:12+00:00
professor,1918787,9,0.0,2026-09-04T06:34:12+00:00
professor,1918787,10,0.0017765818337569551,2026-09-04T06:34:12+00:00
professor,1918787,11,0.0011959485034814617,2026-09-04T06:34:12+00:00
professor,1918787,12,0.7936452276970329,2026-09-04T06:34:12+00:00
professor,1918787,13,0.0020025779706412316,2026-09-04T06:34:12+00:00
professor,1640530,0,0.011986559223451891,2026-09-04T06:34:12+00:00
professor,1640530,1,0.001433236287640825,2026-09-04T06:34:12+00:00
professor,1640530,2,0.0016585405754783189,2026-09-04T06:34:12+00:00
professor,1640530,3,0.07755527558066891,2026-09-04T06:34:12+00:00
professor,1640530,4,0.055966814721079436,2026-09-04T06:34:12+00:00
professor,1640530,5,0.0,2026-09-04T06:34:12+00:00
professor,1640530,6,0.7982115218922938,2026-09-04T06:34:12+00:00
professor,1640530,7,0.0020355622373666544,2026-09-04T06:34:12+00:00
professor,1640530,8,0.004025596070982358,2026-09-04T06:34:12+00:00
professor,1640530,9,0.0002151813744182751,2026-09-04T06:34:12+00:00
professor,1640530,10,0.025806641388347654,2026-09-04T06:34:12+00:00
professor,1640530,11,0.0021542531603752184,2026-09-04T06:34:12+00:00
professor,1640530,12,0.0,2026-09-04T06:34:12+00:00
professor,1640530,13,0.01895081748789662,2026-09-04T06:34:12+00:00
professor,3583683,0,0.41365588341707915,2026-09-04T06:34:12+00:00
professor,3583683,1,0.0,2026-09-04T06:34:12+00:00
professor,3583683,2,0.1770338026401421,2026-09-04T06:34:12+00:00
professor,3583683,3,0.017446646817360186,2026-09-04T06:34:12+00:00
professor,3583683,4,0.007311733986583701,2026-09-04T06:34:12+00:00
professor,3583683,5,0.05585189989358611,2026-09-04T06:34:12+00:00
professor,3583683,6,0.012640224494325067,2026-09-04T06:34:12+00:00
professor,3583683,7,0.01342142100646185,2026-09-04T06:34:12+00:00
professor,3583683,8,0.0,2026-09-04T06:34:12+00:00
professor,3583683,9,0.0,2026-09-04T06:34:12+00:00
professor,3583683,10,0.04413135053006027,2026-09-04T06:34:12+00:00
professor,3583683,11,0.0,2026-09-04T06:34:12+00:00
professor,3583683,12,0.25850703721440166,2026-09-04T06:34:12+00:00
professor,3583683,13,0.0,2026-09-04T06:34:12+00:00
professor,1490861,0,0.002637812626357734,2026-09-04T06:34:12+00:00
professor,1490861,1,0.019739737245263518,2026-09-04T06:34:12+00:00
professor,1490861,2,0.004214080221630615,2026-09-04T06:34:12+00:00
professor,1490861,3,0.021690950776482667,2026-09-04T06:34:12+00:00
professor,1490861,4,0.014276089884237597,2026-09-04T06:34:12+00:00
professor,1490861,5,0.6497649125039964,2026-09-04T06:34:12+00:00
professor,1490861,6,0.0316628895509186,2026-09-04T06:34:12+00:00
professor,1490861,7,0.054435163667449514,2026-09-04T06:34:12+00:00
professor,1490861,8,0.044813957383220186,2026-09-04T06:34:12+00:00
professor,1490861,9,0.10997977692243505,2026-09-04T06:34:12+00:00
professor,1490861,10,0.009809944292741376,2026-09-04T06:34:12+00:00
professor,1490861,11,0.007377953329974336,2026-09-04T06:34:12+00:00
professor,1490861,12,0.02013107702762052,2026-09-04T06:34:12+00:00
professor,1490861,13,0.00946565456767187,2026-09-04T06:34:12+00:00
professor,1544082,0,0.004169726040131584,2026-09-04T06:34:12+00:00
professor,1544082,1,0.002839973875179308,2026-09-04T06:34:12+00:00
professor,1544082,2,0.0058700945551809,2026-09-04T06:34:12+00:00
professor,1544082,3,0.559301655273132,2026-09-04T06:34:12+00:00
professor,1544082,4,0.0,2026-09-04T06:34:12+00:00
professor,1544082,5,0.013759509139830994,2026-09-04T06:34:12+00:00
professor,1544082,6,0.01099526507447184,2026-09-04T06:34:12+00:00
professor,1544082,7,0.0,2026-09-04T06:34:12+00:00
professor,1544082,8,0.005171471451129012,2026-09-04T06:34:12+00:00
professor,1544082,9,0.010237923595345992,2026-09-04T06:34:12+00:00
professor,1544082,10,0.0059368550916423886,2026-09-04T06:34:12+00:00
professor,1544082,11,0.005968804655262827,2026-09-04T06:34:12+00:00
professor,1544082,12,0.37503774514329163,2026-09-04T06:34:12+00:00
professor,1544082,13,0.0007109761054012926,2026-09-04T06:34:12+00:00
professor,1612086,0,0.0,2026-09-04T06:34:12+00:00
professor,1612086,1,0.037757569734141634,2026-09-04T06:34:12+00:00
professor,1612086,2,0.0,2026-09-04T06:34:12+00:00
professor,1612086,3,0.0,2026-09-04T06:34:12+00:00
professor,1612086,4,0.0,2026-09-04T06:34:12+00:00
professor,1612086,5,0.0,2026-09-04T06:34:12+00:00
professor,1612086,6,0.0,2026-09-04T06:34:12+00:00
professor,1612086,7,0.0,2026-09-04T06:34:12+00:00
professor,1612086,8,0.804437569765953,2026-09-04T06:34:12+00:00
professor,1612086,9,0.0,2026-09-04T06:34:12+00:00
professor,1612086,10,0.0,2026-09-04T06:34:12+00:00
professor,1612086,11,0.11745202598881568,2026-09-04T06:34:12+00:00
professor,1612086,12,0.0,2026-09-04T06:34:12+00:00
professor,1612086,13,0.040352834511089626,2026-09-04T06:34:12+00:00
professor,2943096,0,0.0,2026-09-04T06:34:12+00:00
professor,2943096,1,0.0016745030568294402,2026-09-04T06:34:12+00:00
professor,2943096,2,0.0290211239417846,2026-09-04T06:34:12+00:00
professor,2943096,3,2.5076797018753935e-05,2026-09-04T06:34:12+00:00
professor,2943096,4,0.005103268211633873,2026-09-04T06:34:12+00:00
professor,2943096,5,0.03864052675385894,2026-09-04T06:34:12+00:00
professor,2943096,6,0.003983718953262014,2026-09-04T06:34:12+00:00
professor,2943096,7,0.008567415315907101,2026-09-04T06:34:12+00:00
professor,2943096,8,7.285060358559537e-05,2026-09-04T06:34:12+00:00
professor,2943096,9,0.04826730245601003,2026-09-04T06:34:12+00:00
professor,2943096,10,0.0,2026-09-04T06:34:12+00:00
professor,2943096,11,0.0013348655017444673,2026-09-04T06:34:12+00:00
professor,2943096,12,0.8583155734783218,2026-09-04T06:34:12+00:00
professor,2943096,13,0.004993774930043481,2026-09-04T06:34:12+00:00
professor,1790572,0,0.0023680849332682213,2026-09-04T06:34:12+00:00
professor,1790572,1,0.9519085159605938,2026-09-04T06:34:12+00:00
professor,1790572,2,0.0,2026-09-04T06:34:12+00:00
professor,1790572,3,0.0,2026-09-04T06:34:12+00:00
professor,1790572,4,0.0012452311806772055,2026-09-04T06:34:12+00:00
professor,1790572,5,0.0017081021302042501,2026-09-04T06:34:12+00:00
professor,1790572,6,0.0010004978157331446,2026-09-04T06:34:12+00:00
professor,1790572,7,0.0002451226730179801,2026-09-04T06:34:12+00:00
professor,1790572,8,0.0028762935501399764,2026-09-04T06:34:12+00:00
professor,1790572,9,0.0025513652378009915,2026-09-04T06:34:12+00:00
professor,1790572,10,0.007492302128336803,2026-09-04T06:34:12+00:00
professor,1790572,11,0.027101770908866275,2026-09-04T06:34:12+00:00
professor,1790572,12,0.0014423378554528931,2026-09-04T06:34:12+00:00
professor,1790572,13,6.0375625908573625e-05,2026-09-04T06:34:12+00:00
professor,1157495,0,0.4994290196549233,2026-09-04T06:34:12+00:00
professor,1157495,1,0.0,2026-09-04T06:34:12+00:00
professor,1157495,2,0.0,2026-09-04T06:34:12+00:00
professor,1157495,3,3.536042385810489e-06,2026-09-04T06:34:12+00:00
professor,1157495,4,0.0,2026-09-04T06:34:12+00:00
professor,1157495,5,0.00564659107658209,2026-09-04T06:34:12+00:00
professor,1157495,6,0.04102114854717529,2026-09-04T06:34:12+00:00
professor,1157495,7,0.0012690602107219716,2026-09-04T06:34:12+00:00
professor,1157495,8,0.0,2026-09-04T06:34:12+00:00
professor,1157495,9,0.22304728744151534,2026-09-04T06:34:12+00:00
professor,1157495,10,0.0015270873522983718,2026-09-04T06:34:12+00:00
professor,1157495,11,0.006729183956927602,2026-09-04T06:34:12+00:00
professor,1157495,12,0.10791704708871759,2026-09-04T06:34:12+00:00
professor,1157495,13,0.11341003862875261,2026-09-04T06:34:12+00:00
professor,3086042,0,0.7263601102198223,2026-09-04T06:34:12+00:00
professor,3086042,1,0.0,2026-09-04T06:34:12+00:00
professor,3086042,2,0.09944978110985908,2026-09-04T06:34:12+00:00
professor,3086042,3,0.09343879408309967,2026-09-04T06:34:12+00:00
professor,3086042,4,0.0,2026-09-04T06:34:12+00:00
professor,3086042,5,0.019016087535099434,2026-09-04T06:34:12+00:00
professor,3086042,6,0.0,2026-09-04T06:34:12+00:00
professor,3086042,7,0.0,2026-09-04T06:34:12+00:00
professor,3086042,8,0.0,2026-09-04T06:34:12+00:00
professor,3086042,9,0.0,2026-09-04T06:34:12+00:00
professor,3086042,10,0.061735227052119535,2026-09-04T06:34:12+00:00
professor,3086042,11,0.0,2026-09-04T06:34:12+00:00
professor,3086042,12,0.0,2026-09-04T06:34:12+00:00
professor,3086042,13,0.0,2026-09-04T06:34:12+00:00
professor,3314459,0,0.6605871220857649,2026-09-04T06:34:12+00:00
professor,3314459,1,0.0,2026-09-04T06:34:12+00:00
professor,3314459,2,0.0,2026-09-04T06:34:12+00:00
professor,3314459,3,0.0,2026-09-04T06:34:12+00:00
professor,3314459,4,0.0,2026-09-04T06:34:12+00:00
professor,3314459,5,0.0,2026-09-04T06:34:12+00:00
professor,3314459,6,0.0,2026-09-04T06:34:12+00:00
professor,3314459,7,0.0,2026-09-04T06:34:12+00:00
professor,3314459,8,0.0,2026-09-04T06:34:12+00:00
professor,3314459,9,0.3394128779142351,2026-09-04T06:34:12+00:00
professor,3314459,10,0.0,2026-09-04T06:34:12+00:00
professor,3314459,11,0.0,2026-09-04T06:34:12+00:00
professor,3314459,12,0.0,2026-09-04T06:34:12+00:00
professor,3314459,13,0.0,2026-09-04T06:34:12+00:00
professor,2556863,0,0.0,2026-09-04T06:34:12+00:00
professor,2556863,1,0.0,2026-09-04T06:34:12+00:00
professor,2556863,2,0.021244498235930834,2026-09-04T06:34:12+00:00
professor,2556863,3,0.0,2026-09-04T06:34:12+00:00
professor,2556863,4,0.20155768558091444,2026-09-04T06:34:12+00:00
professor,2556863,5,0.35119574275432947,2026-09-04T06:34:12+00:00
professor,2556863,6,0.0,2026-09-04T06:34:12+00:00
professor,2556863,7,0.0,2026-09-04T06:34:12+00:00
professor,2556863,8,0.0,2026-09-04T06:34:12+00:00
professor,2556863,9,0.0,2026-09-04T06:34:12+00:00
professor,2556863,10,0.0,2026-09-04T06:34:12+00:00
professor,2556863,11,0.009735258222402572,2026-09-04T06:34:12+00:00
professor,2556863,12,0.41626681520642267,2026-09-04T06:34:12+00:00
professor,2556863,13,0.0,2026-09-04T06:34:12+00:00
professor,1545496,0,0.040262641693756145,2026-09-04T06:34:12+00:00
professor,1545496,1,0.005446575082761477,2026-09-04T06:34:12+00:00
professor,1545496,2,0.3097979316588152,2026-09-04T06:34:12+00:00
professor,1545496,3,0.015212772581725889,2026-09-04T06:34:12+00:00
professor,1545496,4,0.0,2026-09-04T06:34:12+00:00
professor,1545496,5,0.07874423213534298,2026-09-04T06:34:12+00:00
professor,1545496,6,0.007659622229900771,2026-09-04T06:34:12+00:00
professor,1545496,7,0.005028367175075431,2026-09-04T06:34:12+00:00
professor,1545496,8,0.11038147073014885,2026-09-04T06:34:12+00:00
professor,1545496,9,0.004184451016574015,2026-09-04T06:34:12+00:00
professor,1545496,10,0.25181203858500767,2026-09-04T06:34:12+00:00
professor,1545496,11,0.11622328145661204,2026-09-04T06:34:12+00:00
professor,1545496,12,0.02199283669527631,2026-09-04T06:34:12+00:00
professor,1545496,13,0.03325377895900325,2026-09-04T06:34:12+00:00
professor,3304616,0,0.4076840467457699,2026-09-04T06:34:12+00:00
professor,3304616,1,0.0,2026-09-04T06:34:12+00:00
professor,3304616,2,0.0,2026-09-04T06:34:12+00:00
professor,3304616,3,0.0,2026-09-04T06:34:12+00:00
professor,3304616,4,0.18171147572471247,2026-09-04T06:34:12+00:00
professor,3304616,5,0.3988757095310459,2026-09-04T06:34:12+00:00
professor,3304616,6,0.0,2026-09-04T06:34:12+00:00
professor,3304616,7,0.0016574940765352755,2026-09-04T06:34:12+00:00
professor,3304616,8,0.010071273921936436,2026-09-04T06:34:12+00:00
professor,3304616,9,0.0,2026-09-04T06:34:12+00:00
professor,3304616,10,0.0,2026-09-04T06:34:12+00:00
professor,3304616,11,0.0,2026-09-04T06:34:12+00:00
professor,3304616,12,0.0,2026-09-04T06:34:12+00:00
professor,3304616,13,0.0,2026-09-04T06:34:12+00:00
professor,400800,0,0.03710703174505821,2026-09-04T06:34:12+00:00
professor,400800,1,0.0039673178758468305,2026-09-04T06:34:12+00:00
professor,400800,2,0.0,2026-09-04T06:34:12+00:00
professor,400800,3,0.8409274610450475,2026-09-04T06:34:12+00:00
professor,400800,4,0.011779531913860764,2026-09-04T06:34:12+00:00
professor,400800,5,0.0005750670732342741,2026-09-04T06:34:12+00:00
professor,400800,6,0.0003988454660572296,2026-09-04T06:34:12+00:00
professor,400800,7,0.0,2026-09-04T06:34:12+00:00
professor,400800,8,0.0016528149986183888,2026-09-04T06:34:12+00:00
professor,400800,9,0.03168511262318844,2026-09-04T06:34:12+00:00
professor,400800,10,0.007740811449652205,2026-09-04T06:34:12+00:00
professor,400800,11,0.0027972081458554955,2026-09-04T06:34:12+00:00
professor,400800,12,0.061368797663580776,2026-09-04T06:34:12+00:00
professor,400800,13,0.0,2026-09-04T06:34:12+00:00
professor,1573437,0,0.15092480722569604,2026-09-04T06:34:12+00:00
professor,1573437,1,0.01936798456004464,2026-09-04T06:34:12+00:00
professor,1573437,2,0.0823805014380748,2026-09-04T06:34:12+00:00
professor,1573437,3,0.022022577026252876,2026-09-04T06:34:12+00:00
professor,1573437,4,0.0590386820569162,2026-09-04T06:34:12+00:00
professor,1573437,5,0.545479856044617,2026-09-04T06:34:12+00:00
professor,1573437,6,0.0,2026-09-04T06:34:12+00:00
professor,1573437,7,0.010652665400857006,2026-09-04T06:34:12+00:00
professor,1573437,8,0.028157296263257466,2026-09-04T06:34:12+00:00
professor,1573437,9,0.0,2026-09-04T06:34:12+00:00
professor,1573437,10,0.04141225180245511,2026-09-04T06:34:12+00:00
professor,1573437,11,0.0025008880050235616,2026-09-04T06:34:12+00:00
professor,1573437,12,0.02386134933698805,2026-09-04T06:34:12+00:00
professor,1573437,13,0.014201140839817362,2026-09-04T06:34:12+00:00
professor,1804495,0,0.0015207571850114224,2026-09-04T06:34:12+00:00
professor,1804495,1,0.0007660773206835995,2026-09-04T06:34:12+00:00
professor,1804495,2,0.0,2026-09-04T06:34:12+00:00
professor,1804495,3,0.000895191765622193,2026-09-04T06:34:12+00:00
professor,1804495,4,0.0,2026-09-04T06:34:12+00:00
professor,1804495,5,0.0023305527953333214,2026-09-04T06:34:12+00:00
professor,1804495,6,0.0,2026-09-04T06:34:12+00:00
professor,1804495,7,0.0024439709381620495,2026-09-04T06:34:12+00:00
professor,1804495,8,0.0,2026-09-04T06:34:12+00:00
professor,1804495,9,0.0,2026-09-04T06:34:12+00:00
professor,1804495,10,0.0,2026-09-04T06:34:12+00:00
professor,1804495,11,0.9918523357608423,2026-09-04T06:34:12+00:00
professor,1804495,12,0.0,2026-09-04T06:34:12+00:00
professor,1804495,13,0.00019111423434523507,2026-09-04T06:34:12+00:00
professor,2304973,0,0.0,2026-09-04T06:34:12+00:00
professor,2304973,1,0.0,2026-09-04T06:34:12+00:00
professor,2304973,2,0.0,2026-09-04T06:34:12+00:00
professor,2304973,3,0.0,2026-09-04T06:34:12+00:00
professor,2304973,4,0.0,2026-09-04T06:34:12+00:00
professor,2304973,5,1.0,2026-09-04T06:34:12+00:00
professor,2304973,6,0.0,2026-09-04T06:34:12+00:00
professor,2304973,7,0.0,2026-09-04T06:34:12+00:00
professor,2304973,8,0.0,2026-09-04T06:34:12+00:00
professor,2304973,9,0.0,2026-09-04T06:34:12+00:00
professor,2304973,10,0.0,2026-09-04T06:34:12+00:00
professor,2304973,11,0.0,2026-09-04T06:34:12+00:00
professor,2304973,12,0.0,2026-09-04T06:34:12+00:00
professor,2304973,13,0.0,2026-09-04T06:34:12+00:00
