model_id,entity_type,entity_id,domain_word,domain_char,domain_lsa,domain_bm25f,domain_fit,method_word,method_char,method_lsa,method_bm25f,method_fit,skill_word,skill_char,skill_lsa,skill_bm25f,skill_fit,combined_fit,cluster_id,x,y,analyzed_at
semv2-efe88180e47a6fc1,opportunity,98379538,0.06979842441596834,0.15526561563535782,0.4210202635057053,24.11379877456448,0.7130589641365503,0.02911594984424027,0.17407563192568187,0.4203256070343683,19.55988367299549,0.6390420196302302,0.06324294539038504,0.18450690602625308,0.502618608522401,27.725650139032236,0.8084687061431247,0.7620347713274632,0,-0.13913207426823831,-0.06576321015508262,2026-09-04T06:34:12+00:00
semv2-efe88180e47a6fc1,opportunity,98379540,0.040623049146153375,0.16645558325996193,0.37894256180681346,14.553373219901523,0.5959971383569036,0.02769570387228552,0.15024192415688417,0.4085011128098668,16.95760309117141,0.5449377641719485,0.018011601098248106,0.14580719376796258,0.4985286197526504,7.805884130134047,0.49039423702438706,0.5443625730994153,0,-0.13913207426823831,-0.06576321015508262,2026-09-04T06:34:12+00:00
semv2-efe88180e47a6fc1,opportunity,98379543,0.03639149573191532,0.14606748228155,0.37510371557776173,13.520936575441704,0.5331617447575021,0.015205153291837489,0.14078887190990466,0.35171593450203187,10.355546587009961,0.41891715370527893,0.042213346716098055,0.18462942974000274,0.45625889833142086,18.79026195471754,0.6895796517811661,0.5585203876495626,0,-0.13913207426823831,-0.06576321015508262,2026-09-04T06:34:12+00:00
semv2-efe88180e47a6fc1,opportunity,98379544,0.03553657089673937,0.15581625923167725,0.44837844135808,13.073849184205093,0.5897206062886055,0.02139882614875977,0.17117873743274856,0.41145766221723845,9.407255881322953,0.5210442603990991,0.024769866053776454,0.14690003525295287,0.40392681800823205,9.362791473923926,0.47328331290003706,0.522027202720272,0,-0.13913207426823831,-0.06576321015508262,2026-09-04T06:34:12+00:00
semv2-efe88180e47a6fc1,opportunity,98379577,0.029139701915793237,0.1253795044695101,0.26044444016914053,11.802607016457312,0.4271350575723999,0.012781408920653787,0.10427567349429154,0.22608581455227023,6.375217351398396,0.31022717378852105,0.01761127668576328,0.11914465583198919,0.16819842833891163,4.850533803272272,0.31752188911944834,0.3376684006936108,0,-0.02738992363265183,0.0074512782616177,2026-09-04T06:34:12+00:00
semv2-efe88180e47a6fc1,opportunity,98379579,0.02538723220316027,0.11630694224565856,0.2540278564080134,8.04227948974345,0.37595008482619036,0.0038782725636082255,0.09229765013126714,0.21419271830534745,0.9558498142057441,0.25953136493988044,0.007103813501640861,0.10173080919243443,0.1717474432909676,2.2253360736414627,0.28701343340070734,0.29743878906990595,0,-0.02738992363265183,0.0074512782616177,2026-09-04T06:34:12+00:00
semv2-efe88180e47a6fc1,opportunity,98379582,0.005884272078721743,0.11002847889657698,0.318210551425694,1.314251307030602,0.3111154304460853,0.001274005841635353,0.11374802264662823,0.2502340736166661,0.3583737553374736,0.26689861748733446,0.00720620039214096,0.09619536809432751,0.1664148895291746,2.2253360736414627,0.2820889621615958,0.27571555433068456,0,-0.02738992363265183,0.0074512782616177,2026-09-04T06:34:12+00:00
semv2-efe88180e47a6fc1,opportunity,98379593,0.008409363115551084,0.1114085544211607,0.3267240048230755,3.2335282675388557,0.32940141868713296,0.004584212043262484,0.08173488354911872,0.2763955057589417,3.844327850124191,0.28196864006234007,0.013018880102418853,0.08482884166185345,0.16817673516277745,6.254460222763155,0.29795733388475326,0.28955092159562956,4,0.05981290269172112,0.1602721369310507,2026-09-04T06:34:12+00:00
semv2-efe88180e47a6fc1,opportunity,98379594,0.008850357600518137,0.11541713304755727,0.2088301735993059,3.7512194733896305,0.2983691189381823,0.0,0.08501100128979165,0.14056177970972392,0.0,0.24803659286696153,0.015728573777837065,0.07291223008688306,0.13161131859364386,6.512701973320617,0.2970456667118064,0.2740548667945152,4,0.02199553279236319,0.1407216903319394,2026-09-04T06:34:12+00:00
semv2-efe88180e47a6fc1,opportunity,98379597,0.009150541150002113,0.11140944425197745,0.20123740136726279,3.949241611344519,0.2982598807293834,0.0,0.08694401250665207,0.15321334992046984,0.0,0.2479740627365788,0.01575220479065592,0.07177454797551454,0.12797052542933057,6.512701973320617,0.2955162599550467,0.27282349874226486,4,0.02199553279236319,0.1407216903319394,2026-09-04T06:34:12+00:00
semv2-efe88180e47a6fc1,opportunity,98379605,0.02636485135748005,0.1362247975549665,0.43628154382870893,8.004073621554161,0.4687823537694707,0.02148458245214192,0.1446757356131217,0.3806133387039789,7.174795381315583,0.42798130973133136,0.048813838421660385,0.12458528926108484,0.3306416476956698,19.560119104651267,0.5597625041303879,0.49208313177424845,0,-0.08724505994374535,-0.08376398805424976,2026-09-04T06:34:12+00:00
semv2-efe88180e47a6fc1,opportunity,98379606,0.03016654579795618,0.11919225992454276,0.39591235471697744,8.95358496812981,0.45884441960799227,0.003002961891675497,0.12295614125994761,0.30190190341797857,0.427285480071556,0.29035384475813314,0.0028281061129150566,0.09771251678816632,0.3448093541452223,0.7090782339130519,0.32048208787059324,0.3495771519476525,0,-0.08724505994374535,-0.08376398805424976,2026-09-04T06:34:12+00:00
semv2-efe88180e47a6fc1,opportunity,98379607,0.08171205148623696,0.2257691791804296,0.4801364989444924,27.857123535895017,0.8698666140515628,0.014570575410944447,0.17121699268875273,0.3479194457557497,4.529276151204696,0.44500012203456324,0.06345562386044187,0.1954564047124325,0.513796427252473,21.85058222028318,0.8031040975485421,0.7244363929146538,0,-0.08724505994374535,-0.08376398805424976,2026-09-04T06:34:12+00:00
semv2-efe88180e47a6fc1,opportunity,98379608,0.03671582525478749,0.15067180598269644,0.3584010887201025,11.536022464562256,0.5312677117630678,0.012108534398302015,0.11796746121595496,0.3443037254959759,3.225355734790296,0.33210861932926133,0.07195195578909477,0.1614795016790081,0.40693170053272126,26.23089919542793,0.7147752376984464,0.5384854940410496,0,-0.08724505994374535,-0.08376398805424976,2026-09-04T06:34:12+00:00
semv2-efe88180e47a6fc1,opportunity,98379609,0.009971350899939155,0.1553817270831648,0.329082486816249,4.440010318430268,0.4144715695994796,0.023927852447640487,0.16663205359225025,0.3321712818606561,15.220697319195954,0.5239483377563376,0.008976875298294155,0.14130330216475723,0.2831355060509348,2.519234946724888,0.34486494944410107,0.40852545487126596,8,-0.14871706132017257,0.18332141877644229,2026-09-04T06:34:12+00:00
semv2-efe88180e47a6fc1,opportunity,98379631,0.02334538121342391,0.1591116803919229,0.3380923673176198,11.198661120132238,0.5025827587645116,0.04375006407056836,0.2081776395444249,0.5417002418095018,19.98328434387883,0.7922547115669684,0.05670023675868102,0.14997424796514935,0.40408835701022433,23.424924966838656,0.6664999623711352,0.6927297837410198,0,-0.04163861198834383,-0.07834182957181123,2026-09-04T06:34:12+00:00
semv2-efe88180e47a6fc1,opportunity,98379632,0.03634081538379851,0.17859376214472356,0.36574992824214675,15.066252094765614,0.6080348434596569,0.07964213396092354,0.21744433379804423,0.5812671418211625,27.916354582359318,0.8989638716552496,0.04799813861237444,0.1927767549654635,0.38070879348147824,9.696376664844092,0.6031465050609732,0.7273693568336425,0,-0.04163861198834383,-0.07834182957181123,2026-09-04T06:34:12+00:00
semv2-efe88180e47a6fc1,opportunity,98379721,0.05348610290311908,0.21143777933972244,0.5291976435306378,21.06560804283399,0.7757053486429251,0.012268974004056087,0.15059871967767646,0.3599106570912868,2.7139512567644406,0.38642245695721944,0.035517974351199307,0.17127469679571028,0.416804190352213,13.727575322688033,0.5973661404734197,0.5975300625300627,5,-0.20289345825486022,-0.11963236406297043,2026-09-04T06:34:12+00:00
semv2-efe88180e47a6fc1,opportunity,98379723,0.06699516569493444,0.22859757872169884,0.5073121030353207,23.37922969771427,0.8380673353837912,0.02126432998803993,0.15228991347845888,0.31577045849624497,5.2092411333076925,0.4110351421680158,0.04021333716317581,0.1979965128932854,0.43834773497099927,17.090337020260193,0.6785934575249218,0.6518946586595447,5,-0.20289345825486022,-0.11963236406297043,2026-09-04T06:34:12+00:00
semv2-efe88180e47a6fc1,opportunity,98379724,0.06843291485870924,0.2226243545294955,0.6209034561692613,24.003977799260774,0.8798353792326395,0.04701151818212196,0.19190664711656838,0.5908180409286251,17.318099317373022,0.7749787567710735,0.050962766057167534,0.20203672915064766,0.5302823990519528,17.96120457405659,0.7684448619988251,0.8567961746248396,5,-0.20289345825486022,-0.11963236406297043,2026-09-04T06:34:12+00:00
semv2-efe88180e47a6fc1,opportunity,98379725,0.050127305430948885,0.20868931515149639,0.5628595193088308,17.012847921189305,0.7649208204152312,0.00975671425630601,0.11742430648262431,0.3333498455589862,2.533449431454448,0.31253904292924256,0.05339640228145631,0.22939930937290864,0.4533133561834255,21.478912189949682,0.8023868619593922,0.6393867770816284,5,-0.20289345825486022,-0.11963236406297043,2026-09-04T06:34:12+00:00
semv2-efe88180e47a6fc1,opportunity,98379750,0.004752090549347205,0.13440388900856676,0.293467990352926,1.3494425216147978,0.3131278714198629,0.005888018529587698,0.11218895279828908,0.26784645613066976,4.102593618631691,0.29033976205797507,0.017454368343679402,0.17884102022436488,0.37056852069109775,10.212930008175318,0.4962881707407255,0.35842246187073773,1,0.22299965060070048,0.06245438225507759,2026-09-04T06:34:12+00:00
semv2-efe88180e47a6fc1,opportunity,98379754,0.013995389153748698,0.16371848061581024,0.3386340180636861,4.102334758921086,0.43380797433451035,0.006543300912162162,0.11149481384039986,0.2693846025320243,4.167004495454332,0.29208540250646586,0.018948698644414157,0.17115806935854663,0.36842212779509764,10.181782964015621,0.48865662610042254,0.3958515363331877,1,0.22299965060070048,0.06245438225507759,2026-09-04T06:34:12+00:00
semv2-efe88180e47a6fc1,opportunity,98379760,0.005049667890713431,0.12730375748005787,0.2701929872650089,1.3444208844799008,0.29615489916522025,0.017599105190477932,0.12301239911299543,0.2510167448200845,12.463873128609963,0.3760326739299333,0.022181646027582772,0.19860201475852943,0.3459095005797685,11.360270068698856,0.549977081964968,0.4028179393880977,1,0.22299965060070048,0.06245438225507759,2026-09-04T06:34:12+00:00
semv2-efe88180e47a6fc1,opportunity,98379762,0.009717966684542837,0.13611728705421358,0.2888393339935644,3.3641056636717153,0.33628370512302913,0.0014491117619239184,0.0999475407357438,0.21881569099638762,0.3563725700360955,0.25390267177913356,0.017801411270617233,0.15668970203775448,0.3217973999414202,10.254240707687607,0.43959234862219343,0.3298463779220465,1,0.22299965060070048,0.06245438225507759,2026-09-04T06:34:12+00:00
semv2-efe88180e47a6fc1,opportunity,98379769,0.0026936472969404206,0.10115065946537857,0.21005833223592404,0.616259506561991,0.25543379662788823,0.012498388460054277,0.10723221220740796,0.2912097125771807,6.332817637747986,0.32760151935678333,0.0029541320578441773,0.12034962300005998,0.24921947378516993,1.5250362589058217,0.3023429045177336,0.28264664356308555,3,-0.00450940750767182,0.1593967119185788,2026-09-04T06:34:12+00:00
semv2-efe88180e47a6fc1,opportunity,98379771,0.0,0.1104334501075602,0.26492449032695126,0.0,0.26724579124579123,0.0134294785109451,0.1270957384192392,0.334823880067235,9.219827713167675,0.376018812718091,0.027145641240164338,0.18289756144200708,0.35626246380022264,15.088934008012192,0.5705967823246192,0.403668800294073,1,0.23372607226562916,0.08282902139128338,2026-09-04T06:34:12+00:00
semv2-efe88180e47a6fc1,opportunity,98379784,0.05509157944023889,0.17102258086711403,0.4817011735736444,21.380236579342373,0.7062246150660416,0.03179647279183586,0.16480535759717227,0.49462802314420845,15.447945464271697,0.628327664399093,0.07262457638256264,0.17602183264757948,0.4129272016579785,13.106032960443017,0.6665713137961602,0.688047138047138,8,-0.15484179810534549,0.18299661692555025,2026-09-04T06:34:12+00:00
semv2-efe88180e47a6fc1,opportunity,98379794,0.060074564193675496,0.18739031311759166,0.4296184160989723,22.134435992967788,0.7237791633555434,0.055102763386203533,0.20458969677862546,0.47417003024910426,22.495231602455583,0.8196415965113059,0.031831095284055054,0.17642178894507335,0.39872333585273295,12.044610169262775,0.5658901549406161,0.7375816993464052,8,-0.1784912190099487,0.00594600879788364,2026-09-04T06:34:12+00:00
semv2-efe88180e47a6fc1,opportunity,98379796,0.053666128576332295,0.1788443159019834,0.40429684271318256,19.75574492806354,0.6808229910227661,0.016709801259064787,0.18461855551528442,0.42031847369336295,2.7259315256030003,0.5159429218206807,0.028440331674943142,0.19025116303450604,0.3764601461751554,9.32275560354475,0.5432240243534677,0.5752992190673999,8,-0.1784912190099487,0.00594600879788364,2026-09-04T06:34:12+00:00
semv2-efe88180e47a6fc1,opportunity,98379800,0.06027456651340978,0.1817826706445052,0.4455024348393615,21.450459517777762,0.7273416171046433,0.05338503032891132,0.18771902583095207,0.49798110986740074,20.54721241497966,0.7945599049206797,0.026099274210722376,0.14744979047163836,0.3885605533287893,9.367880687321868,0.47344704570791535,0.6948821950041565,8,-0.1784912190099487,0.00594600879788364,2026-09-04T06:34:12+00:00
semv2-efe88180e47a6fc1,opportunity,98379819,0.027218240578162883,0.14963630156263386,0.36376074470080183,10.141179679025544,0.4948878245202326,0.050782256888982545,0.16611445175451647,0.4386178114597006,28.395631553135154,0.7349684679196142,0.021592344670196884,0.1552986042645556,0.34687879839228164,8.089602974818106,0.44550771502982356,0.5695415695415695,6,0.026039651127500528,-0.14448981485926943,2026-09-04T06:34:12+00:00
semv2-efe88180e47a6fc1,opportunity,98379902,0.004424685232759241,0.09249545814024676,0.217957955782051,1.2037171919894694,0.26313221636629575,0.003270407900155192,0.11223958998026061,0.21791044222224126,0.45091511621155533,0.2643417504613725,0.012607855234174662,0.06680620704702171,0.13879460151733644,4.978192508421489,0.2852663569684846,0.2621084692287224,3,0.021799154088570916,0.05672034358489402,2026-09-04T06:34:12+00:00
semv2-efe88180e47a6fc1,opportunity,98379931,0.027447192666163522,0.16383591789619953,0.36021122789828214,7.002164366944611,0.495853119808709,0.041209838078202304,0.16033361149642403,0.40529740256107194,15.591797277386023,0.6036622132943334,0.017632963061104283,0.1316508513658645,0.2746209498507255,6.289306703360495,0.35710795206389234,0.49421296296296297,0,-0.09871896253249307,-0.03175712585712977,2026-09-04T06:34:12+00:00
semv2-efe88180e47a6fc1,opportunity,98379935,0.04391073900810481,0.12376803247052358,0.3240656840457539,16.527705189913128,0.5145116507237312,0.027931750600279144,0.09996301840325447,0.28504368172347666,8.732068063172292,0.3916490985992538,0.015552200246890737,0.11260295196983734,0.2651703408329513,8.213018049086513,0.34624608640180643,0.41058699115800423,0,-0.09871896253249307,-0.03175712585712977,2026-09-04T06:34:12+00:00
semv2-efe88180e47a6fc1,opportunity,98379953,0.01435253806717655,0.09283441569325378,0.23511880366916105,5.5462315751060505,0.31893568703276737,0.0036843360537195287,0.10893595191577941,0.2673937299194792,0.9346336484876059,0.27481119024037476,0.009232720105116568,0.10172529670956759,0.24858370256087906,4.670248963496006,0.30632065071099707,0.2863276364181517,3,0.021799154088570916,0.05672034358489402,2026-09-04T06:34:12+00:00
semv2-efe88180e47a6fc1,opportunity,98379994,0.027525891179390416,0.16417033048978097,0.4101964785333992,11.778547095873147,0.5561998006446162,0.00936532068845971,0.14658470241003105,0.43388189894253704,6.056485221414832,0.421169839916643,0.017624253344674067,0.17093491962178395,0.31210666485812383,9.818350599987003,0.44794689555710043,0.4682007118177331,6,0.049173125064917576,-0.09368602668378716,2026-09-04T06:34:12+00:00
semv2-efe88180e47a6fc1,opportunity,98380007,0.00324798703943314,0.12053377179600462,0.23482925755876738,1.7081222788216552,0.2789388787050383,0.0028452575264665127,0.10927331672963093,0.24069987965199433,0.5982190517796848,0.2637783304652205,0.005462614070348137,0.0980850176401425,0.18046531735882168,1.1945470599237238,0.2812781569105796,0.2661784846682036,3,0.01061990733729162,0.16507923427672647,2026-09-04T06:34:12+00:00
semv2-efe88180e47a6fc1,opportunity,98380038,0.0442069103075083,0.1710906371100472,0.344580900988494,17.357962434364303,0.618074065414491,0.04294744029532756,0.16319897418491397,0.36137454852413503,21.005236594970494,0.6402877034334266,0.06145204796310608,0.21243396578014384,0.46169921709715905,26.48282733645379,0.8217874368212499,0.7465747702589807,1,0.23372607226562916,0.08282902139128338,2026-09-04T06:34:12+00:00
semv2-efe88180e47a6fc1,opportunity,98380057,0.0,0.1258335649437463,0.27067742316613386,0.0,0.27991129221005945,0.012395958102236848,0.13301633041021244,0.30917095422397045,9.990020429292201,0.377974833139726,0.010574735198347125,0.1744142952477098,0.4070623487022082,4.37076102019455,0.45768324579743525,0.35463601646728143,1,0.23372607226562916,0.08282902139128338,2026-09-04T06:34:12+00:00
semv2-efe88180e47a6fc1,opportunity,98380062,0.008564745895309225,0.12007355155654845,0.27918358936181714,3.8616510731096523,0.31862486118384076,0.004437190198220495,0.127157232216216,0.26214382007310677,2.682446511763586,0.29444066053446777,0.010467972774647739,0.14518466188910778,0.3357962146032945,5.7986308372053,0.3800988912661976,0.31727205610926545,1,0.23372607226562916,0.08282902139128338,2026-09-04T06:34:12+00:00
semv2-efe88180e47a6fc1,opportunity,98380070,0.01522194891910514,0.13934437792303103,0.541179651444533,5.996543563041264,0.47086034771264074,0.042469584976013865,0.16663898152880796,0.513193165983278,33.83762124663848,0.7609073571881325,0.01669108861371002,0.1367596360158507,0.2758178574266713,10.282689949351004,0.3936561599387242,0.5641196581196581,0,-0.02369200627708205,-0.04702853788396431,2026-09-04T06:34:12+00:00
semv2-efe88180e47a6fc1,opportunity,98380103,0.009926564295450826,0.1431854300174196,0.27330675475535,3.822978061889221,0.34788236123647115,0.03278197927536321,0.13767331246700307,0.3660475901553252,18.322879495651588,0.5399391812865497,0.006521577742062591,0.11514425105397154,0.2588776616105746,1.83186393386979,0.3086837011285997,0.38112181699138226,8,-0.16147391925258045,0.24791237398128763,2026-09-04T06:34:12+00:00
semv2-efe88180e47a6fc1,opportunity,98380118,0.006141295256436944,0.11577739426640543,0.27518770041705354,2.106857143613351,0.29691646989892606,0.0023300887624925727,0.10491402677332087,0.3432832805131029,0.4079621194028709,0.2913785548214949,0.026040328325096493,0.09710640497345045,0.22981700803469993,7.342445650895546,0.3523599653883637,0.29777175716236015,3,-0.046919669594055406,0.20066333649765436,2026-09-04T06:34:12+00:00
semv2-efe88180e47a6fc1,opportunity,98380140,0.007302378153963347,0.11333346197994332,0.27598674053375993,3.240127295799217,0.3041905979895648,0.012003837861507074,0.13291864794382546,0.31544592804280264,7.384111148500718,0.3615247740151625,0.0,0.06217181246182276,0.14610563771690127,0.0,0.2575174835379721,0.2957211289564265,8,-0.18542493958593592,0.21699457018394758,2026-09-04T06:34:12+00:00
semv2-efe88180e47a6fc1,opportunity,98380146,0.045091147158623036,0.1642661392943152,0.4085865284875887,13.894311960529745,0.6031982660482504,0.04095298763077994,0.16052505712543752,0.5003846125233833,20.562455193669514,0.6844464321208507,0.04017740078592992,0.09891647061821596,0.2396650324208912,17.953432974904977,0.47665061061645503,0.613999729212201,8,-0.18542493958593592,0.21699457018394758,2026-09-04T06:34:12+00:00
semv2-efe88180e47a6fc1,opportunity,98380163,0.007256622572293341,0.1205944609631347,0.296131547500657,3.305785359425469,0.3196741211837687,0.011522145679469013,0.11309502674241116,0.3373882425306927,5.422477140994806,0.3323444063130259,0.004692633079820514,0.09838676667710766,0.20903281746462526,3.1296767381913333,0.2896313784819453,0.30097673558645577,8,-0.12530499091339994,0.18946331712748746,2026-09-04T06:34:12+00:00
semv2-efe88180e47a6fc1,opportunity,98380166,0.0410734987582104,0.1814437660384513,0.5563124492915366,14.5125895999184,0.690761205255958,0.03177786595573366,0.18074234661931768,0.4167981759223466,11.533034195081532,0.6055239144191799,0.03890649418135967,0.15304723186343538,0.3797612578291219,16.051943081882943,0.5635772693208876,0.6396489858997605,5,-0.1984583878637044,-0.15538002014620386,2026-09-04T06:34:12+00:00
semv2-efe88180e47a6fc1,opportunity,98380167,0.09376863668467747,0.25740741264784944,0.5911991595158292,30.016414413421664,0.9399290293040293,0.016537157597640406,0.1796847500828401,0.34683160664043594,4.975187099866052,0.4706133420032947,0.06029789865928042,0.17652174542743884,0.43406518548392914,23.140450682019978,0.7286512012618539,0.7397463949320663,5,-0.1984583878637044,-0.15538002014620386,2026-09-04T06:34:12+00:00
semv2-efe88180e47a6fc1,opportunity,98380168,0.05119114929414374,0.18612654184242988,0.5158922581484146,16.361412242803958,0.7063745366960141,0.008727068392345404,0.12365975216409436,0.3455298579207905,2.103494323250867,0.3199939342915488,0.0438705711365284,0.13665970465442184,0.25171210243410147,16.92717654285562,0.5114657941047354,0.5127056237375449,5,-0.1984583878637044,-0.15538002014620386,2026-09-04T06:34:12+00:00
semv2-efe88180e47a6fc1,opportunity,98380169,0.06425642898700817,0.20090370408293584,0.5504314779333265,16.917113653832008,0.7662901256449643,0.020494847553640123,0.17570016008155245,0.31131819647790704,5.120005067320383,0.4609525505463606,0.03872652126857242,0.14911392669674534,0.34257952350417736,13.477252569388968,0.5218802117671331,0.596892472532901,5,-0.1984583878637044,-0.15538002014620386,2026-09-04T06:34:12+00:00
semv2-efe88180e47a6fc1,opportunity,98380170,0.0128700065360274,0.16208853367415713,0.3273559201100346,5.149780111294598,0.4288935458168548,0.011443987508505567,0.14789311031270114,0.3408883060337145,5.882887924828831,0.383064758503355,0.021186591740377632,0.18222965373025393,0.3777564485460784,12.60862223584432,0.5426798754692493,0.44539395175999946,1,0.18222737040678263,0.05328679349273224,2026-09-04T06:34:12+00:00
semv2-efe88180e47a6fc1,opportunity,98380171,0.03544857883913585,0.14877224427273064,0.38332900511143164,14.461370611516262,0.5478348654378742,0.029544611737057858,0.14558222131624363,0.43960117524480957,12.209440937296744,0.5378314642487871,0.03888892526306997,0.09141008458546408,0.2907252447444869,14.861916198584943,0.46331607342643144,0.5118573407503347,5,-0.16136987462220878,-0.12200568024424456,2026-09-04T06:34:12+00:00
semv2-efe88180e47a6fc1,opportunity,98380172,0.034964195299964175,0.17844398995631386,0.4339738077049309,10.889296171669319,0.5964647811970732,0.026216615715195804,0.16646676054732717,0.5500374635122289,8.760136954665388,0.5852355397030387,0.021063985899774935,0.12124678962327569,0.3049115282259722,3.1456411913819204,0.35583463960518535,0.5190461955956185,5,-0.16136987462220878,-0.12200568024424456,2026-09-04T06:34:12+00:00
semv2-efe88180e47a6fc1,opportunity,98380263,0.0117683018728456,0.13961602881565519,0.3098992575543816,5.258813427884017,0.37281440099190144,0.006093648274912808,0.1385586596900824,0.34696097415701127,4.1539545422627775,0.3478527866719829,0.03272101160491599,0.16417935876211917,0.34688895204927506,19.577576901011458,0.5850128792750469,0.4316755793226382,1,0.1451126891599535,0.04395710996849076,2026-09-04T06:34:12+00:00
semv2-efe88180e47a6fc1,opportunity,98380294,0.041579597111368466,0.19022760210850317,0.4425362597827387,10.947213865880967,0.6413963344122073,0.045348488325607186,0.1814148298584832,0.4859239117569857,12.273130049428147,0.6845476835720739,0.0482397862268604,0.20379908364799507,0.4993981880127913,16.088766214321005,0.741387632928191,0.730350560099664,0,-0.02790781170726181,-0.05488876795636449,2026-09-04T06:34:12+00:00
semv2-efe88180e47a6fc1,opportunity,98380329,0.006635687508748329,0.10917533156831137,0.2945071267097207,2.2183129898986476,0.3054378850535315,0.008768691201319536,0.10165117949161842,0.30035178292787873,3.447048640706768,0.29705886507457974,0.013802868436256124,0.15516657262187727,0.3357482288955385,7.511920929800919,0.4065916374835208,0.32617524516622143,1,0.2884014671132741,0.03891041831381013,2026-09-04T06:34:12+00:00
semv2-efe88180e47a6fc1,opportunity,98380335,0.05040373236727827,0.13814623291357725,0.30163510995238846,23.26602985663189,0.5696812118056874,0.09398774686020492,0.14008093024443022,0.4773889181569258,29.578090779712053,0.737280143554202,0.07116180851286914,0.13398077563190314,0.33951176917749465,6.2867995700768935,0.5085223916180439,0.6387030256198614,0,-0.04924252275652315,-0.017695383070561534,2026-09-04T06:34:12+00:00
semv2-efe88180e47a6fc1,opportunity,98380336,0.047495522332227855,0.12645775481690402,0.3035205754141843,21.982707999537823,0.5413681757213268,0.056772318434254426,0.12734634521730062,0.4378198666129806,19.277864148312386,0.6317357910906298,0.07344140192571451,0.11419158108577607,0.3384277920730452,6.2867995700768935,0.49737204311245464,0.588304894738417,0,-0.04924252275652315,-0.017695383070561534,2026-09-04T06:34:12+00:00
semv2-efe88180e47a6fc1,opportunity,98380337,0.0509534478973192,0.13061964579999613,0.2959169584485057,23.225331600284093,0.5554454022988506,0.03840684448004525,0.12300010851165769,0.45457965378447374,9.92807208975781,0.5242302623796935,0.0851168673053946,0.12715002632820602,0.3289173917184155,7.535045016048492,0.5234163579427683,0.5428159628631327,0,-0.04924252275652315,-0.017695383070561534,2026-09-04T06:34:12+00:00
semv2-efe88180e47a6fc1,opportunity,98380340,0.05223159163949879,0.1309777511880827,0.2936426037455694,23.381849261109092,0.5668518754191797,0.052442701777404954,0.13630273471687937,0.38800466159370406,17.71481439834002,0.5940913931777915,0.09392703627356798,0.13812481143112096,0.3202648393658867,8.569818922318419,0.5564264385498758,0.5943951302203729,0,-0.04924252275652315,-0.017695383070561534,2026-09-04T06:34:12+00:00
semv2-efe88180e47a6fc1,opportunity,98380358,0.004118511740723609,0.1489751406147011,0.40765813359128383,1.827816915650511,0.38861460452820934,0.014074271628831939,0.12501001335447245,0.30916086758634037,6.417419316457933,0.351391590969445,0.0024856914952974,0.11917008752815267,0.35287267953326257,0.6611417539903499,0.3353773361120594,0.3432584848189219,1,0.072698706677836,0.1140745743511074,2026-09-04T06:34:12+00:00
semv2-efe88180e47a6fc1,opportunity,98380362,0.004337197380187064,0.10370700391120144,0.2771289933944945,0.8697778543470952,0.2781455254511127,0.018925950685329075,0.10691098739722439,0.4159874821178562,11.690707283245937,0.42440639110054335,0.05504522666136809,0.16811316930068074,0.48778528154548817,25.007831975014362,0.7404759547832078,0.4797889686497282,10,-0.014531503548218612,-0.050421639287687475,2026-09-04T06:34:12+00:00
semv2-efe88180e47a6fc1,opportunity,98380368,0.004985794833619272,0.09419555563937038,0.1839471090680277,1.8950487978180122,0.2676303862954231,0.010407801164017925,0.13676597161496196,0.2571638277850082,6.73823285743997,0.3378431794901398,0.0,0.04575842824530137,0.060891426149810676,0.0,0.2531027699627164,0.27453470797523544,3,0.11664838155996667,0.15432364348642943,2026-09-04T06:34:12+00:00
semv2-efe88180e47a6fc1,opportunity,98380371,0.0030725518411814853,0.13547881554348778,0.22926592580111385,1.0997921094691607,0.2883254405612103,0.005693679328401044,0.13056306134445952,0.264700092360918,3.1113962709919174,0.30094064430837214,0.013245532215329314,0.10861209567754748,0.20283695110720482,4.82241158266268,0.3101361554657423,0.2861289521276976,1,0.22818894857919544,0.0534916026926673,2026-09-04T06:34:12+00:00
semv2-efe88180e47a6fc1,opportunity,98380374,0.003311397423576353,0.10847534226556467,0.1840451784024393,1.5341375055733277,0.2644087072630655,0.005974010013091523,0.12321029727987484,0.23977728360322806,2.5152401924289114,0.285097262789907,0.0,0.058255929880383105,0.06941134924519295,0.0,0.25325950242194234,0.2580404072615087,3,0.11664838155996667,0.15432364348642943,2026-09-04T06:34:12+00:00
semv2-efe88180e47a6fc1,opportunity,98380376,0.0030887179228175337,0.13736123385356572,0.23106088755775203,1.0834886382089952,0.2925184899427651,0.003405922933542327,0.135115741375902,0.2413286828368073,2.3468024168011863,0.2931343608940605,0.012690687346611051,0.10943348722043991,0.20013634701716884,6.912148345050419,0.3182694256761236,0.2867124714687456,1,0.22818894857919544,0.0534916026926673,2026-09-04T06:34:12+00:00
semv2-efe88180e47a6fc1,opportunity,98380389,0.017049404255681997,0.1553195443739872,0.38193137255632637,5.554250708687099,0.4582724464578208,0.011162838659532054,0.14820559586490475,0.44004740599923714,4.805164843547134,0.43078288451099433,0.009521062676247706,0.11777315743768586,0.3156292614013373,3.6043961857371802,0.3315675577377706,0.39822718797861084,6,0.0051120493500318755,-0.16512358402021182,2026-09-04T06:34:12+00:00
semv2-efe88180e47a6fc1,opportunity,98380396,0.025382271029978528,0.17219989791229648,0.3136628977846687,7.531339824930309,0.4957536419344528,0.023628276133873385,0.18237309475464758,0.33909783124725024,14.242391950667436,0.5611896598707122,0.02819103013143965,0.1046307460683939,0.20222462112652084,10.044792511969641,0.3825074098673659,0.48310029973837865,0,0.010033924021593258,-0.0639673668118466,2026-09-04T06:34:12+00:00
semv2-efe88180e47a6fc1,opportunity,98380398,0.012981382085743148,0.10255352879696236,0.20780874862515405,6.3718148796346625,0.31870947509535436,0.00858567611193407,0.09809515674079916,0.1639249952885818,4.801824860011056,0.27690324599879024,0.025538786858975294,0.13661633772846532,0.27169060877369916,12.527858436347806,0.43160788282589746,0.3266659668467365,3,0.0027926628723097023,0.14513541417004636,2026-09-04T06:34:12+00:00
semv2-efe88180e47a6fc1,opportunity,98380399,0.021584004473203605,0.1577887763671096,0.30424019588653134,6.516733506707528,0.44688409539061563,0.023663180698890837,0.18278829287228396,0.3393353343855663,14.242391950667436,0.5641815919838965,0.028104689835590675,0.10587837431853082,0.20193974573842802,10.044792511969641,0.3805834326901909,0.46169025429784494,0,0.010033924021593258,-0.0639673668118466,2026-09-04T06:34:12+00:00
semv2-efe88180e47a6fc1,opportunity,98380401,0.020044097760657936,0.10114128314931277,0.2102944893738328,9.415512435614897,0.3624844769569145,0.008655494928852371,0.09251721120094046,0.17274199045743854,4.788519069852915,0.27592308246969904,0.03463660918057186,0.1241988792544148,0.24462527621018634,13.44732220528558,0.4428928644347798,0.34437768489492626,3,0.0027926628723097023,0.14513541417004636,2026-09-04T06:34:12+00:00
semv2-efe88180e47a6fc1,opportunity,98380407,0.018403048447425487,0.16067448176165758,0.3032802334917388,5.742190884746316,0.43846337831717946,0.02370421919202335,0.18771216392182263,0.33939647099376785,14.248897439385246,0.5768634706134707,0.02806634659408506,0.11836674013426528,0.2021947704481095,10.044792511969641,0.3860282868875984,0.4653478677772754,0,0.010033924021593258,-0.0639673668118466,2026-09-04T06:34:12+00:00
semv2-efe88180e47a6fc1,opportunity,98380421,0.0039032560856304085,0.14383170166724643,0.2812126080612341,0.7235120284975555,0.3149824828308353,0.03006840248829034,0.16438660739521274,0.506066383097911,12.00147428032868,0.5975633738301839,0.027864248715479323,0.16158129576306007,0.3753785321904762,9.216607533129338,0.4855960582118907,0.4661522582704465,10,-0.11446372845609139,-0.150813628077862,2026-09-04T06:34:12+00:00
semv2-efe88180e47a6fc1,opportunity,98380424,0.015476475379884329,0.17884046714210924,0.4094888712690973,4.023319587288418,0.4944241097826004,0.023969574327758755,0.17289514582237828,0.47465452392708757,6.770514938120776,0.5539355567445455,0.04658290319202734,0.21549096903595663,0.49670947497385654,16.689363748918375,0.7448452401007126,0.6142294020342801,10,-0.11446372845609139,-0.150813628077862,2026-09-04T06:34:12+00:00
semv2-efe88180e47a6fc1,opportunity,98380434,0.016195690383056748,0.1414559877993803,0.31298847302279026,5.473529109436694,0.3936904033993852,0.036004035181407344,0.16536121480099872,0.3603169586187482,10.440693696214463,0.5533632785388883,0.0286709166386184,0.14343930312654185,0.3405545744974714,5.955629029618679,0.43073004598991027,0.44743072186110167,10,-0.11446372845609139,-0.150813628077862,2026-09-04T06:34:12+00:00
semv2-efe88180e47a6fc1,opportunity,98380439,0.014558693188729065,0.13832973903909027,0.30691170943496643,4.479702619998358,0.37389443910010467,0.030158649597096566,0.20443636913214452,0.40547623157999246,11.591422122395922,0.6289940675167438,0.04014808507760423,0.1599889757662263,0.34090683332326893,12.643203857775356,0.5346507926147185,0.531963184512882,10,-0.11446372845609139,-0.150813628077862,2026-09-04T06:34:12+00:00
semv2-efe88180e47a6fc1,opportunity,98380453,0.006860571824108638,0.14557391087645466,0.3585529970018291,1.233028742135605,0.36709540016276465,0.03490062208923067,0.218737377941564,0.4944100036219283,15.647625125363756,0.7414673319608595,0.047424082054218795,0.20870858447518809,0.4536130892168989,16.36543923177598,0.7146208396749812,0.6323695768718123,2,-0.01967161242908344,-0.19333887632661412,2026-09-04T06:34:12+00:00
semv2-efe88180e47a6fc1,opportunity,98380458,0.014307352714403464,0.1446872301955628,0.3104004903734178,4.9067567470512214,0.3881165803679887,0.023475979576556602,0.15218710109421557,0.3908472224375339,10.942788425582615,0.4837664023742664,0.03359025658436445,0.13297346576466895,0.3204000315974224,13.05558871742549,0.47141471172326715,0.4397722701816269,2,-0.01967161242908344,-0.19333887632661412,2026-09-04T06:34:12+00:00
semv2-efe88180e47a6fc1,opportunity,98380478,0.010688590659901041,0.15469143061760762,0.2678919191900996,3.1643259487402347,0.37436093553918914,0.0035454282321387997,0.15381031259257705,0.43417389845697196,0.9099262743702932,0.4064306064306064,0.0,0.09151348278295139,0.15163243594503353,0.0,0.2648171726603099,0.3326707092044515,11,0.16879685888757553,0.08566906741703603,2026-09-04T06:34:12+00:00
semv2-efe88180e47a6fc1,opportunity,98380502,0.005872969856122245,0.1335537546259101,0.3465508934856669,2.2936155905068243,0.34831106517222266,0.022488586623174225,0.15461641404142532,0.4254068219112931,14.268785962816008,0.5272772570213802,0.03013131153070559,0.19463477559598397,0.48113380284241425,16.08068691224849,0.6628106658940729,0.5054226818932701,1,0.14080884716719555,-0.12673063699898734,2026-09-04T06:34:12+00:00
semv2-efe88180e47a6fc1,opportunity,98380506,0.013026713275003522,0.1404261047954986,0.3100845288243501,4.1785529752296435,0.37240342190016784,0.011969576570718152,0.14194093079775424,0.2556619021986881,4.939784435823669,0.3417684882532569,0.003598387985031827,0.1454608949786803,0.2503411375042449,0.46309914680199227,0.330031511359084,0.32805922734277654,1,0.14080884716719555,-0.12673063699898734,2026-09-04T06:34:12+00:00
semv2-efe88180e47a6fc1,opportunity,98380507,0.004007372291590212,0.09693989805030753,0.21999879230694333,0.9159658968744867,0.2601761568255262,0.0042839967720532755,0.1215747506550308,0.2530834956344379,2.261936236138921,0.2814463736465072,0.0028327012581476595,0.13084181264746228,0.25269073986038554,0.7042154185001059,0.30995958950939795,0.2701025634207139,1,0.14080884716719555,-0.12673063699898734,2026-09-04T06:34:12+00:00
semv2-efe88180e47a6fc1,opportunity,98380509,0.010549766490392794,0.12932017327742326,0.26114866483808136,3.633943248056561,0.3215792531517648,0.011984839880705258,0.15983350107183258,0.293726686666159,6.225780980753897,0.39162418852658476,0.018804519653557027,0.14037143906328797,0.3077835693175434,7.297490314706237,0.3891257354560462,0.3536508169228553,1,0.14080884716719555,-0.12673063699898734,2026-09-04T06:34:12+00:00
semv2-efe88180e47a6fc1,opportunity,98380514,0.0730223603686918,0.18101911675675544,0.42048729476373337,30.066175758278522,0.7754784542159622,0.017703936092128694,0.15061417054945125,0.30804080851248644,8.456742356520733,0.4135417458237157,0.0577102221356847,0.15916171714461416,0.32292399383455006,33.261213219335296,0.6784428494473962,0.6310613015095878,0,-0.011584916405849448,-0.09779527795618999,2026-09-04T06:34:12+00:00
semv2-efe88180e47a6fc1,opportunity,98380516,0.005605939972780532,0.09787009034105268,0.22243039202948542,1.2614585509214797,0.2695936329243026,0.0018160034901934664,0.11359866428998298,0.22323895193139945,0.3603487474545241,0.2629721049482134,0.005089518622078251,0.07295865187019811,0.13027703402165716,0.746690466224692,0.2637057180021502,0.25778440267289615,3,0.021799154088570916,0.05672034358489402,2026-09-04T06:34:12+00:00
semv2-efe88180e47a6fc1,opportunity,98380517,0.0679461282111483,0.16864725413219642,0.4552225107617916,27.181588891169383,0.7471780018310761,0.02139738785288551,0.13911346457421644,0.32809235152660826,11.170304066983578,0.4225206795195597,0.024898449018462505,0.1346303872200174,0.31819029695200707,14.190807838991299,0.46137243425227537,0.5326924575346735,0,-0.011584916405849448,-0.09779527795618999,2026-09-04T06:34:12+00:00
semv2-efe88180e47a6fc1,opportunity,98380522,0.011110204592106925,0.1438764822055674,0.26888131004434135,3.315484980586204,0.3475431744932122,0.012991007652066235,0.14627062837750618,0.42872204303073524,7.530617581224718,0.4456112305047698,0.0,0.08676170322719055,0.14771444870536038,0.0,0.2617565219070059,0.34485388750094637,11,0.1915493893357152,0.09309623430386106,2026-09-04T06:34:12+00:00
semv2-efe88180e47a6fc1,opportunity,98380559,0.03205451728001521,0.1775539235365668,0.580579936779712,12.166128369188009,0.6556957950506338,0.02864053172198778,0.1646940936902703,0.6793669848096895,12.895978229715086,0.6273242666953358,0.03879159594709107,0.1822042443524678,0.4528692856477704,18.719535746094486,0.6627606822363377,0.6654722089504699,0,-0.17993972910066847,-0.14520471875295615,2026-09-04T06:34:12+00:00
semv2-efe88180e47a6fc1,opportunity,98380566,0.05670731645958073,0.18966960458285415,0.6680855511345738,18.014406448545756,0.776711963296455,0.07549137470212643,0.21113747845959882,0.7124360054345144,44.95769149946837,0.925908959833455,0.08064244724467799,0.22735219851599375,0.6260329413354221,39.25406758326138,0.9497217955282471,0.9155522768425994,0,-0.1876025665039348,-0.16716260155167434,2026-09-04T06:34:12+00:00
semv2-efe88180e47a6fc1,opportunity,98380604,0.0038883815061160317,0.13637172460680366,0.24171760582166893,1.4710479769353362,0.296227077607923,0.03429341709907402,0.18029510870741733,0.42445400629666813,13.890915077944905,0.6387986108796304,0.007101694808376543,0.13009249577058796,0.2359321234372542,4.640234590231521,0.3200134678310512,0.4316678179445852,6,0.05170851968735711,-0.11678902880381724,2026-09-04T06:34:12+00:00
semv2-efe88180e47a6fc1,opportunity,98380608,0.035073660777610476,0.12878469893920297,0.27042536580199766,14.255538735808743,0.4613266077048954,0.03165127772385735,0.14427499271322067,0.26623910783246274,23.724803615454988,0.5569152924916472,0.01623607522902648,0.10845334841747084,0.21708896183139054,7.481916951273285,0.32739742394914806,0.44807189839522044,8,-0.10070916762002373,0.07761902357649647,2026-09-04T06:34:12+00:00
semv2-efe88180e47a6fc1,opportunity,98380609,0.004363409841024471,0.13214645138112752,0.24933656011952327,2.079069001313379,0.2982222222222222,0.011712132176887881,0.11892092380406197,0.30873297699113367,7.447443888772082,0.34184503901692453,0.010699969850027663,0.10976670415498768,0.19132669667805652,6.5374092496131135,0.31348500083794206,0.30163499516330666,6,0.05170851968735711,-0.11678902880381724,2026-09-04T06:34:12+00:00
semv2-efe88180e47a6fc1,opportunity,98380628,0.005849428588686101,0.1263103614457711,0.2634971117092846,1.2526446194754284,0.2934446594635274,0.011960394846839872,0.12000736334261775,0.23912660576906639,4.931779415061558,0.30593826429519205,0.018655211368120518,0.07975509485935103,0.18814028035228691,5.536620969666998,0.31106145645804656,0.2906361619919811,3,0.01061990733729162,0.16507923427672647,2026-09-04T06:34:12+00:00
semv2-efe88180e47a6fc1,opportunity,98380669,0.06470499309137646,0.22293666282561977,0.5007523739276794,22.798708034103235,0.8148348667793113,0.051221140492940104,0.1965985884435704,0.4157485408035458,21.655224291050533,0.769211735413019,0.03659121013772939,0.16333870834688857,0.33727478318221454,14.703713293686004,0.5446584693459694,0.7454537871204537,8,-0.172397074811722,0.06900133812796162,2026-09-04T06:34:12+00:00
semv2-efe88180e47a6fc1,opportunity,98380674,0.023818313323877856,0.13656837751986847,0.2935990954035717,8.70929833983648,0.4113958012741291,0.05167358573604891,0.16315453146982842,0.37411961517914244,35.387944470552625,0.7074579719703645,0.08698541294112952,0.223881232817301,0.4510310916303776,30.21097336463839,0.8882876141776761,0.6981699751861042,0,-0.042241453963457985,-0.10206284210662663,2026-09-04T06:34:12+00:00
semv2-efe88180e47a6fc1,opportunity,98380675,0.04349841636407879,0.20738529072570605,0.4754866873054617,14.681353168445954,0.6929953384862717,0.02118537538440368,0.12638820279619184,0.38117963384472975,8.774784732050945,0.4104168658844012,0.022883330465187344,0.17099027641357384,0.39076764754473803,8.147280991913078,0.4938722109844591,0.5179573173914924,8,-0.172397074811722,0.06900133812796162,2026-09-04T06:34:12+00:00
semv2-efe88180e47a6fc1,opportunity,98380679,0.013632734198870983,0.12505565411295136,0.2626493351156941,8.100605859979332,0.3525229866593374,0.0074215027265651014,0.11508716082990551,0.2437859775778186,5.175128116577994,0.29454135906177226,0.004070454408313464,0.09232271495143443,0.2136566583144789,2.9780611752113204,0.28522316464745767,0.29853530148481966,8,-0.10070916762002373,0.07761902357649647,2026-09-04T06:34:12+00:00
semv2-efe88180e47a6fc1,opportunity,98380681,0.02331906382198765,0.13775246598288254,0.2968241753573104,8.540853873065993,0.4124352704934137,0.06441849423055601,0.17641601167982043,0.3947701783364042,40.49435548992271,0.7788359823704519,0.08692836069814242,0.22549418327257875,0.45025988990185106,30.21097336463839,0.886834951213052,0.7179246265067162,0,-0.042241453963457985,-0.10206284210662663,2026-09-04T06:34:12+00:00
semv2-efe88180e47a6fc1,opportunity,98380687,0.016494888328293822,0.12301649183427066,0.27684695543160215,3.146709644760947,0.3349469177055384,0.015790971296674262,0.13818634986654313,0.42601693679024494,8.888093431254282,0.4436698902837,0.014754993229111134,0.0819105066084587,0.3094577699146576,6.558793958429665,0.332739650243155,0.35865457620268665,0,-0.12150667060924962,-0.09857428246660034,2026-09-04T06:34:12+00:00
semv2-efe88180e47a6fc1,opportunity,98380691,0.07486289576912045,0.16632370051090523,0.3007379016564688,41.45602287143275,0.7406022605395596,0.08101653415755923,0.16736195727837797,0.5800857124450967,57.43534130723811,0.8554199904149814,0.08200296364226857,0.21675563477345822,0.45951487140080466,30.134764472101576,0.86874340178688,0.8504696745826107,0,-0.042241453963457985,-0.10206284210662663,2026-09-04T06:34:12+00:00
semv2-efe88180e47a6fc1,opportunity,98380696,0.02519560828701336,0.13622704825843623,0.2953971164335575,8.822143968883669,0.41889664156456463,0.04734326700238675,0.15588476390408262,0.38375282536355165,33.45745771906462,0.6821708987810683,0.08353021857977301,0.22542111493996228,0.45939212078471,30.140879738210966,0.8878875554681182,0.6886162833150785,0,-0.042241453963457985,-0.10206284210662663,2026-09-04T06:34:12+00:00
semv2-efe88180e47a6fc1,opportunity,98380702,0.017658372297209103,0.14776668806083504,0.4086178993110079,6.953089730580414,0.4545324396920819,0.020632789351214292,0.14862867073572392,0.4250955296766073,13.099996879250522,0.49976706503967006,0.011286249388955626,0.1288800216319665,0.27309573211009514,4.0708780478224496,0.33021246390742337,0.4164988406342044,1,0.16975659446482738,0.025043891535158586,2026-09-04T06:34:12+00:00
semv2-efe88180e47a6fc1,opportunity,98380703,0.046522985824832275,0.19033577698273932,0.6794716140362643,18.223258295937576,0.7648594476684364,0.07795880579179677,0.21402198126262925,0.7247743254323237,51.48280391106797,0.9401915763314416,0.05629061940448086,0.1664903304665768,0.4272170965859709,19.514665826598893,0.6802817425427835,0.817155791641551,0,-0.06545180589935755,-0.029382062124332562,2026-09-04T06:34:12+00:00
semv2-efe88180e47a6fc1,opportunity,98380741,0.11236420689336414,0.20831307935319746,0.5230602959983589,41.18395352001556,0.898828027860286,0.13172742083521818,0.259691734205048,0.7006167954800107,53.72329762072126,0.9821593915343916,0.10989605299468935,0.20323517172587216,0.4579422195456101,37.80048542033985,0.8918627053949636,0.9584858354011581,0,-0.1990295017023755,-0.11468949504324777,2026-09-04T06:34:12+00:00
semv2-efe88180e47a6fc1,opportunity,98380750,0.1156174769507115,0.21608982434960705,0.5679475298789064,36.7703671776393,0.9229900055589282,0.11996399838811925,0.25071530275947385,0.7383795067351671,78.08618910827008,0.9872333162655744,0.03712912395237617,0.17808338139186872,0.6013152595186416,9.316001527632434,0.6239688813601857,0.8701197438039544,0,-0.1990295017023755,-0.11468949504324777,2026-09-04T06:34:12+00:00
semv2-efe88180e47a6fc1,opportunity,98380903,0.03756846818056342,0.2113049614749687,0.5388216646616042,16.450477694592532,0.7262570218715217,0.027321905448153133,0.17335626596359754,0.5007620996435787,13.474739169685485,0.6262741846812644,0.04881231351855998,0.22018128526936204,0.39720366473648255,22.036287442367506,0.7513499396441826,0.7341890959282265,0,-0.03205463241415724,-0.06051813810645596,2026-09-04T06:34:12+00:00
semv2-efe88180e47a6fc1,opportunity,98380915,0.0,0.10297970101725763,0.18161534730326165,0.0,0.2517569775725679,0.004269656298103342,0.09514269955124603,0.17795046045604612,2.2733223666382836,0.2624130885888586,0.0,0.07748527737786337,0.13149415796934164,0.0,0.25732621834131747,0.25071390388351217,1,0.2877534956491075,0.027634813654436485,2026-09-04T06:34:12+00:00
semv2-efe88180e47a6fc1,opportunity,98380916,0.011074183556722971,0.1281699273386809,0.25840708329997103,3.675732970108052,0.32128428810259724,0.00509275408163921,0.13243074151352488,0.21956830380896022,1.0238667486801465,0.2885391670272317,0.019168040913354972,0.13042696999694575,0.22173727986954628,10.687825254669239,0.3931666228702751,0.3245589910796917,1,0.13903501398971457,0.04698774777223774,2026-09-04T06:34:12+00:00
semv2-efe88180e47a6fc1,opportunity,98380922,0.004660634053580338,0.11009638085685174,0.18781713552057958,2.1793469795801856,0.2746596568439405,0.006909712668497576,0.10641945682762739,0.18618117847524396,5.197843994932061,0.2835540239487608,0.0,0.07848754977805152,0.1278516865905066,0.0,0.2564397864049145,0.26208877553649174,1,0.2877534956491075,0.027634813654436485,2026-09-04T06:34:12+00:00
semv2-efe88180e47a6fc1,opportunity,98380932,0.0034225363808423202,0.11431605478619833,0.22518276902793966,0.8936543815560324,0.266937605205299,0.004246940406990305,0.10628751788808313,0.20819431784964007,0.938081462292113,0.26313356330531656,0.018328440277768466,0.12093915718867539,0.20722086489686184,10.733668905350136,0.37789108337272276,0.29118694577662285,1,0.13903501398971457,0.04698774777223774,2026-09-04T06:34:12+00:00
semv2-efe88180e47a6fc1,opportunity,98380943,0.008371910048626268,0.101201329201746,0.24774723920440087,3.1185582276184136,0.2914816997155869,0.016335696375421052,0.08349811254346141,0.2659461929538047,4.893736788726294,0.3142348490962035,0.005338878308830864,0.06492928573486302,0.11259085888726755,2.2192529792100077,0.26430747968275714,0.27960913112587854,3,0.013473693082632986,0.13776741702228967,2026-09-04T06:34:12+00:00
semv2-efe88180e47a6fc1,opportunity,98380963,0.007320525168249825,0.12998838799996185,0.27675365918472894,1.6875168055678609,0.31166006838071186,0.009981383240315757,0.1328709340873458,0.2976681480646253,4.763019222022553,0.3275003946352497,0.0,0.07674675409180888,0.23349565063458855,0.0,0.2694438212580012,0.29129388973274883,3,0.007045558649037975,0.15321238924915842,2026-09-04T06:34:12+00:00
semv2-efe88180e47a6fc1,opportunity,98380972,0.00763512596682908,0.14641069006374918,0.48924056983213693,3.4532594499971214,0.43543904850693566,0.009808279815372975,0.15122169485958697,0.5176337552048087,4.643871894208767,0.45727992238232307,0.010966773711115735,0.12583426666020783,0.3442662908333218,5.047098616017371,0.3603300019901528,0.40704063587958716,8,-0.11283196928771219,0.0983952893419167,2026-09-04T06:34:12+00:00
semv2-efe88180e47a6fc1,opportunity,98380977,0.01051041284832085,0.1210030532990806,0.2271083885931642,4.574137266609607,0.31566272650472016,0.011413117155552327,0.1361336776649025,0.24452450364560524,9.233492516465986,0.35287061919361845,0.008280627977509641,0.10999651354434911,0.19041310923216143,4.557666867302219,0.3007635696489549,0.30896137939204454,1,0.15808794763855977,0.010600252806463597,2026-09-04T06:34:12+00:00
semv2-efe88180e47a6fc1,opportunity,98380980,0.002593018173438248,0.11217928378991023,0.20094722480581342,0.6266513911035085,0.2590861133585945,0.009542111264700006,0.1190992658671379,0.24910223868524806,5.874759185164813,0.3040695573622403,0.0,0.0725680788912399,0.16922442018598935,0.0,0.2571843240688557,0.26558120116896283,1,0.15808794763855977,0.010600252806463597,2026-09-04T06:34:12+00:00
semv2-efe88180e47a6fc1,opportunity,98380981,0.0016791857014229487,0.11860653217340476,0.2582931190385925,0.9431019784171518,0.2718276310612522,0.010923890359024722,0.1250536947471837,0.2859232418267572,8.96289385709689,0.35063098899760387,0.01760932036697957,0.14460835688110124,0.25042847247956795,10.009127312416403,0.3901045200585128,0.3265843581077989,3,0.007045558649037975,0.15321238924915842,2026-09-04T06:34:12+00:00
semv2-efe88180e47a6fc1,opportunity,98380998,0.014436053470200275,0.12514152373215887,0.2782930604053809,7.1605307422829885,0.35692877116239746,0.009862474028295685,0.11311527519769625,0.2558965510612701,3.2890365579374228,0.2934178957658265,0.01953266802702632,0.11319004233458475,0.258215179103222,5.495684530196955,0.3464089091415963,0.3158331682841487,1,0.1270302361715692,0.019489572598211893,2026-09-04T06:34:12+00:00
semv2-efe88180e47a6fc1,opportunity,98381000,0.023952463172318184,0.15030372291516508,0.3124052227392044,8.011051252667745,0.4515340977711044,0.03580145482962551,0.17161858214594053,0.3817796767596449,17.347411701932028,0.623828652828653,0.007691185033742543,0.13156000829090497,0.2555921297602772,4.833500118149767,0.3325355508076462,0.4729587933166837,3,0.007045558649037975,0.15321238924915842,2026-09-04T06:34:12+00:00
semv2-efe88180e47a6fc1,opportunity,98381009,0.015693502046759514,0.12892383903708263,0.30950482005617186,7.62893701553843,0.38352431877284276,0.01188904247004427,0.11148150485727044,0.24812993804608793,3.4308278888963786,0.2951557025758078,0.018027130401170863,0.151966463862303,0.37426165838699244,5.990773179169005,0.42304930443753275,0.35246591189882515,1,0.1270302361715692,0.019489572598211893,2026-09-04T06:34:12+00:00
semv2-efe88180e47a6fc1,opportunity,98381017,0.015458571036872246,0.14221916128742623,0.2894002263516387,7.24070537033818,0.3878678423754825,0.02943798457257568,0.11017626997262735,0.26807343856543964,14.040476246584353,0.4313941033656081,0.01842633376405579,0.13124712239542857,0.30717052581796733,6.693878038579412,0.37061927514669313,0.3840958256073789,1,0.1270302361715692,0.019489572598211893,2026-09-04T06:34:12+00:00
semv2-efe88180e47a6fc1,opportunity,98381022,0.02298353260197864,0.13495054718798769,0.30150147556848583,8.918482854486925,0.4156151904362632,0.005579808473278698,0.11710973144948766,0.27300493737685394,1.0160945805530168,0.286722468964545,0.023940296120785874,0.17559904733179824,0.38184324383600965,9.442965348082112,0.5078932222609583,0.3979314739841056,1,0.1270302361715692,0.019489572598211893,2026-09-04T06:34:12+00:00
semv2-efe88180e47a6fc1,opportunity,98381072,0.008294249296718448,0.14278044947067428,0.2977188142620968,3.3155877195505044,0.35131922339385635,0.030057312527368877,0.18085144765780323,0.3509308853646567,19.930176344869338,0.6297033657267576,0.030516841183890923,0.1417627085718041,0.30558968258641206,16.375788242687143,0.49557853922047135,0.508093870898749,8,-0.10782220990981294,0.08448528163383721,2026-09-04T06:34:12+00:00
semv2-efe88180e47a6fc1,opportunity,98381077,0.005711750345538676,0.14288991943837215,0.24500895602992687,2.157278656941497,0.3193606180220925,0.020940120034854643,0.1275145641211521,0.3955630219852138,11.921972759142669,0.43680091561582485,0.018293471671932945,0.12964004108767055,0.22076003948468972,8.059653623486332,0.3529653694671357,0.35691462465664286,2,0.0024962343088006152,-0.1436176519705576,2026-09-04T06:34:12+00:00
semv2-efe88180e47a6fc1,opportunity,98381085,0.010658365409768725,0.14048017936245372,0.2702036624789375,6.496321735269458,0.3604787256984222,0.025371409491200866,0.17216146724263778,0.34780584260383973,17.73257800757409,0.5721420389461628,0.029140311784895605,0.13220444109350823,0.2856775684858407,17.597485095417465,0.48244998308671233,0.46924457663334784,8,-0.10782220990981294,0.08448528163383721,2026-09-04T06:34:12+00:00
semv2-efe88180e47a6fc1,opportunity,98381089,0.014566392459452729,0.12982376426015824,0.2915403346875925,5.3300322933464646,0.3577838950061172,0.009382675889278031,0.12374718668174729,0.24003181355053504,7.18039044249999,0.31586334284550177,0.018524910739558545,0.13632959567021,0.22894040104193794,7.941587398970581,0.363888898109881,0.330945379513711,2,0.0024962343088006152,-0.1436176519705576,2026-09-04T06:34:12+00:00
semv2-efe88180e47a6fc1,opportunity,98381107,0.0158663149632765,0.15244455094073828,0.2896141975964506,5.8555435194078065,0.4093227293364527,0.012328673310323276,0.13458753400245554,0.2694136350742395,6.312548416386503,0.3433391999454028,0.023813987485939,0.11110642805537704,0.1891982246372802,7.565965306055138,0.34921824232589294,0.3478169051264453,0,-0.05451314941485189,-0.018480016777171412,2026-09-04T06:34:12+00:00
semv2-efe88180e47a6fc1,opportunity,98381150,0.017139481471170344,0.1295962939147722,0.278265035381455,9.773492658172291,0.39231027360439125,0.024003991180304666,0.13244971834893476,0.2991307283766262,12.570395149952478,0.4256135392244051,0.019163682039442735,0.07275141889503371,0.1834898761793759,9.643770781750526,0.3373378631855721,0.3678728070175439,0,-0.028751522966913835,-0.06637079553542057,2026-09-04T06:34:12+00:00
semv2-efe88180e47a6fc1,opportunity,98381163,0.00821291311010114,0.1011422936960173,0.224136379079646,1.2152404531488832,0.2763837678354393,0.02664338001143632,0.13240069278530398,0.3584229705178265,10.221916729766852,0.4455962971702528,0.055373132660654634,0.09322996750814769,0.1678818198869516,19.722169446556656,0.5198694126751778,0.41635522023705096,3,-0.04317393632670805,0.12629442939991584,2026-09-04T06:34:12+00:00
semv2-efe88180e47a6fc1,opportunity,98381164,0.029184188237967645,0.15094787542485277,0.33602464580755737,14.24602308647075,0.5240850546955016,0.025675851492434943,0.1513245147844966,0.36422341474655845,9.622574074167632,0.4759479824770478,0.012830159569598555,0.11532955271349976,0.2532170128371382,2.398152330026587,0.31647553445133914,0.4408395977941782,0,-0.028751522966913835,-0.06637079553542057,2026-09-04T06:34:12+00:00
semv2-efe88180e47a6fc1,opportunity,98381165,0.005112272866509952,0.11177745788552043,0.2202205688073358,1.0367459271819957,0.2715576627739528,0.024982346409695832,0.13162593902535058,0.3086643406155828,10.212731590672997,0.41409032810417545,0.003809833125932606,0.08266456276559103,0.17320264861983378,0.7397264096713257,0.270388021057294,0.3050802452993382,3,-0.04317393632670805,0.12629442939991584,2026-09-04T06:34:12+00:00
semv2-efe88180e47a6fc1,opportunity,98381174,0.02788275171453035,0.1446473773833173,0.37204803519481433,12.378653088224315,0.5024764481170418,0.012902362918055237,0.14733700349033674,0.346877239034604,2.9806521055232196,0.37923936173000444,0.02213417655886385,0.09506049242473055,0.25182622895787304,9.577293284274866,0.36258356719030305,0.4067550692773708,0,-0.028751522966913835,-0.06637079553542057,2026-09-04T06:34:12+00:00
semv2-efe88180e47a6fc1,opportunity,98381178,0.0039066871332316495,0.10221100405944471,0.2267562230333218,1.0532129278940314,0.2647576026422478,0.028414194202493408,0.10859075781202482,0.27603489090047956,8.701977817548428,0.3944952601080076,0.0058012873294130945,0.0803848190774841,0.16509120061313728,0.8123005556336226,0.271340159180362,0.2978477834514986,3,-0.04317393632670805,0.12629442939991584,2026-09-04T06:34:12+00:00
semv2-efe88180e47a6fc1,opportunity,98381183,0.0047439386324642655,0.09147637387734064,0.1887481050010516,1.0367459271819957,0.2588516541732916,0.003017431926674061,0.09313303030490461,0.2851076225814193,0.42789047346357,0.27273060573017904,0.005846551210418905,0.06614399148703996,0.15394104217468954,0.8123005556336226,0.2667344175984687,0.2578715983888398,3,-0.04317393632670805,0.12629442939991584,2026-09-04T06:34:12+00:00
semv2-efe88180e47a6fc1,opportunity,98381185,0.005574622122458678,0.10111891427942334,0.1980768373497212,1.4973742641581935,0.2685470425825634,0.007083674954417209,0.11021798952947452,0.261379855961587,4.389983700084946,0.2887518237326385,0.019152873241802138,0.1275092284870443,0.33095607934407706,8.843949651594876,0.39204181703911223,0.3067674369825701,1,0.30270989079647,-0.011365817408376553,2026-09-04T06:34:12+00:00
semv2-efe88180e47a6fc1,opportunity,98381187,0.01863944830658171,0.13226083241049155,0.3169571570355988,10.639174496798613,0.42625211054583423,0.028181512972777552,0.16877996701158807,0.3869103892151088,13.023315330903765,0.557443474044758,0.0115021950284096,0.08815217927821242,0.17442542361845112,4.895186558993689,0.29415255531492995,0.4211205369631659,0,-0.028751522966913835,-0.06637079553542057,2026-09-04T06:34:12+00:00
semv2-efe88180e47a6fc1,opportunity,98381192,0.0038387258297995063,0.12402678941476829,0.2039021259822004,0.8373811568768474,0.2699825194546651,0.01162900184969428,0.11019613760314004,0.18399695580873476,4.5600031586569045,0.29134611835663066,0.006939849614110377,0.05875235810258324,0.08622743832647516,1.0719446051289978,0.26395170982191635,0.2662261126755574,8,-0.08662818227248087,0.13605349413847923,2026-09-04T06:34:12+00:00
semv2-efe88180e47a6fc1,opportunity,98381197,0.0,0.10942397952583222,0.19211534436368785,0.0,0.253681336013723,0.0025698051713335304,0.09372760377175121,0.1768908226059711,2.2244840685584686,0.257740071488289,0.0,0.049453934832215905,0.08011129501126765,0.0,0.24925391294729277,0.2483103474759444,8,-0.08662818227248087,0.13605349413847923,2026-09-04T06:34:12+00:00
semv2-efe88180e47a6fc1,opportunity,98381200,0.004839780084782585,0.11769364026660574,0.2060246791275914,2.1586947936931957,0.2813532297631186,0.0140570441629672,0.10279917023013527,0.23176967252009498,8.467085831397364,0.32417147842699146,0.02332400627015331,0.10248047401216229,0.19721360756149453,11.92701972745257,0.38312457692509744,0.31826893412259266,1,0.30270989079647,-0.011365817408376553,2026-09-04T06:34:12+00:00
semv2-efe88180e47a6fc1,opportunity,98381231,0.014458749003839989,0.16462646664974687,0.3282743194984743,5.175899040192611,0.4430128460982497,0.010948869566745493,0.11970572618676767,0.23668004655342775,4.926614889775939,0.30119847498470753,0.025899633456417825,0.11584309905150636,0.18888413155345807,7.580882986124546,0.35831280940048976,0.3556575330318347,0,-0.05451314941485189,-0.018480016777171412,2026-09-04T06:34:12+00:00
semv2-efe88180e47a6fc1,opportunity,98381290,0.031154880818934146,0.16951884376046872,0.34488300531711097,13.725808149061137,0.5606069790447148,0.016055283418368222,0.15026826633290494,0.3640395326324294,8.160139631439465,0.4287241116642472,0.024662035644822607,0.13102494608307033,0.27826278803986343,13.691230493381884,0.43961278619949284,0.4731300929576792,8,-0.11594968323872695,0.11086724876027297,2026-09-04T06:34:12+00:00
semv2-efe88180e47a6fc1,opportunity,98381298,0.03220297388221165,0.14268281597485175,0.36218885618667807,13.977848252022508,0.5133065804252246,0.0183617317743615,0.14052162166203264,0.3852908649238719,8.502213249463125,0.4260441256935219,0.019289892745971652,0.09908526104807557,0.3009160435947561,8.025406156636976,0.36117596550864567,0.4278979991978674,8,-0.11594968323872695,0.11086724876027297,2026-09-04T06:34:12+00:00
semv2-efe88180e47a6fc1,opportunity,98381302,0.014266014201647755,0.12607272821363077,0.3100161004319871,6.292296866865332,0.365686317604495,0.015602663074232892,0.1407277115227096,0.2729932788508034,7.3330763380592465,0.37320173265094875,0.01773855058037028,0.09618932393750944,0.19002067013868812,9.31840158641199,0.3328922956251981,0.337623556998557,8,-0.11594968323872695,0.11086724876027297,2026-09-04T06:34:12+00:00
semv2-efe88180e47a6fc1,opportunity,98381306,0.021822507701428993,0.14850203512941815,0.4161899737575629,7.759986397890805,0.47419391002172073,0.013741988721485155,0.13232303513478283,0.3280778295741578,6.017387852023356,0.35509323741880783,0.020582713207283623,0.1138852630264966,0.20637179545715142,8.33427210298893,0.35326353077420897,0.38805256869772997,8,-0.11594968323872695,0.11086724876027297,2026-09-04T06:34:12+00:00
semv2-efe88180e47a6fc1,opportunity,98381308,0.027164552418616327,0.15290088133774066,0.2917372620594281,8.791945304024866,0.45811631441738504,0.022556480137983552,0.135217129416852,0.2622075530097234,14.941885683162269,0.42687399137629733,0.03136292143250536,0.15074985232243712,0.2857974611703084,10.416649113550672,0.46236529342413646,0.43801445108014453,9,0.17718155285938184,-0.18401463345733196,2026-09-04T06:34:12+00:00
semv2-efe88180e47a6fc1,opportunity,98381326,0.027268547661977276,0.15298657141025712,0.2935304798377683,8.77918502686717,0.4613521151254294,0.022561245329425175,0.13520201162944698,0.26218834251094614,14.941885683162269,0.42549182223056625,0.03136292143250536,0.15054131355980066,0.28486788664910473,10.416649113550672,0.45787500989952545,0.4380347437736086,9,0.17718155285938184,-0.18401463345733196,2026-09-04T06:34:12+00:00
semv2-efe88180e47a6fc1,opportunity,98381331,0.07379718162946382,0.20835827900561177,0.5484477790445631,37.38210725512896,0.8735076349894023,0.04180231367761841,0.182058968241296,0.41947276442019993,21.88983572430632,0.7288970544015035,0.014102278242936679,0.12237064147729741,0.24552210364962396,3.6993400090014092,0.3230960908434672,0.6580702407545297,5,-0.1234447791168937,-0.04105466141169887,2026-09-04T06:34:12+00:00
semv2-efe88180e47a6fc1,opportunity,98381332,0.09783720692811243,0.18944109691694225,0.47721824308828226,38.05332887924491,0.8495553643144005,0.049828013831815676,0.1855799234831886,0.506268940515523,21.03918806310158,0.7891849505508042,0.09616056307460195,0.21690543102164322,0.4795829176864806,37.15506507043337,0.9171175991764228,0.8996124897533349,8,-0.14522861331031434,0.12915796095109752,2026-09-04T06:34:12+00:00
semv2-efe88180e47a6fc1,opportunity,98381337,0.02768766404147304,0.1489319406053291,0.37932541571365097,10.373359386195336,0.5023642754187364,0.03242175055038152,0.1556452777886955,0.4007951079232056,17.689223351834098,0.5802188552188552,0.027030626675858996,0.11946963817771239,0.33918624676248893,10.44415941461217,0.43207416293121204,0.5076021399550811,8,-0.14522861331031434,0.12915796095109752,2026-09-04T06:34:12+00:00
semv2-efe88180e47a6fc1,opportunity,98381339,0.042931054357827673,0.1658357492913934,0.4310611225603259,18.50004233968978,0.6402621159817531,0.031887338493013215,0.13844055126596727,0.36767594880640336,19.83970677134967,0.5477928565283808,0.022730890581806926,0.13082684454040283,0.40121812392704836,9.04900333926233,0.438932620626175,0.5345750551522939,8,-0.14522861331031434,0.12915796095109752,2026-09-04T06:34:12+00:00
semv2-efe88180e47a6fc1,opportunity,98381340,0.027349799248154852,0.1523073822779829,0.29107883917852223,8.80143994588131,0.4580985129705548,0.022610331792971276,0.13542815822261695,0.2624371218880337,14.95595271359139,0.4309239388996324,0.031698887152633894,0.15252495032345711,0.28570985431509494,10.435129630014488,0.469062740396164,0.443729374521873,9,0.17718155285938184,-0.18401463345733196,2026-09-04T06:34:12+00:00
semv2-efe88180e47a6fc1,opportunity,98381346,0.019983531220154338,0.15285705436619038,0.4075390409500636,6.80475307263161,0.4688048552754435,0.01501816891404581,0.13854483053961217,0.40705671875614974,5.1170851161150335,0.40100638595599747,0.03558935837736962,0.13007491670320012,0.3308612894742656,13.467997886442888,0.4789121887777339,0.44298214023114757,8,-0.14522861331031434,0.12915796095109752,2026-09-04T06:34:12+00:00
semv2-efe88180e47a6fc1,opportunity,98381359,0.020316480190066454,0.137132297194973,0.24506564672207265,5.614700563949735,0.3690316765587463,0.03934302567029316,0.145806304666837,0.33415455796959226,22.578161977255558,0.5996773659179473,0.04545504542669262,0.16725309841005614,0.41612959076864886,23.853580337266482,0.6736984941868284,0.5587331869828523,0,-0.058061698551848874,-0.023555247825087233,2026-09-04T06:34:12+00:00
semv2-efe88180e47a6fc1,opportunity,98381366,0.023506784251365764,0.14635153300166853,0.2821693879096585,8.759380246254874,0.42767443812397393,0.004765955920795404,0.08924650865048027,0.22969490096370088,0.8708704125613123,0.26159377367809206,0.03157879300182585,0.15545201872507272,0.2808205189041496,10.435129630014488,0.4706687639102894,0.3750327384925255,9,0.2111979170721086,-0.185034348142844,2026-09-04T06:34:12+00:00
semv2-efe88180e47a6fc1,opportunity,98381369,0.033900192394716144,0.20253274574157484,0.38306480807721677,8.946302068319612,0.5965281812988236,0.009648989535951467,0.1626749189328849,0.4243999704885721,0.8341577863712221,0.41970145822873356,0.01880363459498103,0.141715517108281,0.3340151076959121,4.201877745653436,0.38666180855026355,0.4625090737718379,0,-0.12235675639490032,-0.17709565959006304,2026-09-04T06:34:12+00:00
semv2-efe88180e47a6fc1,opportunity,98381379,0.008967294972706458,0.09827827293131987,0.19002449164221263,1.5792541528454604,0.27794062952336557,0.0210861973074959,0.12545241247593242,0.2959396259228914,7.196715984011254,0.36841595382480397,0.04586144840363425,0.15524056566715,0.41928368953009953,22.78850434072818,0.6495435366321443,0.4228407040442952,0,-0.058061698551848874,-0.023555247825087233,2026-09-04T06:34:12+00:00
semv2-efe88180e47a6fc1,opportunity,98381431,0.0041937596706933585,0.13453882157312536,0.222589143133995,1.529139889887467,0.2932117433631555,0.00897457646108001,0.11167739174597714,0.19991205361281897,7.902746143321643,0.30716633734986376,0.018543348124257675,0.13778524517278484,0.2257758807396292,8.059653623486332,0.3701281947329868,0.3106762173873073,2,0.01649430163446496,-0.08849451959674845,2026-09-04T06:34:12+00:00
semv2-efe88180e47a6fc1,opportunity,98381453,0.11598894650058587,0.2308359053196881,0.5386419957874354,40.72425069257408,0.9498999829322411,0.12752238195396334,0.2364131123571942,0.6485725143596006,41.27448401336173,0.9518797809120391,0.14951845542709943,0.28736089739904447,0.6449544293577247,49.80706211025443,1.0,0.9894179894179896,8,-0.07928910710158107,0.008791097180770532,2026-09-04T06:34:12+00:00
semv2-efe88180e47a6fc1,opportunity,98381468,0.0028384142986114524,0.10165255071010597,0.2432220729697868,0.7673535882709606,0.2615195997580956,0.010679937471882877,0.12247807674919677,0.3099157131271343,8.931286237430994,0.35161612447160245,0.018530109615769078,0.13709389764937405,0.22537136056437637,8.059653623486332,0.3678775054198386,0.3123400263906774,2,0.01649430163446496,-0.08849451959674845,2026-09-04T06:34:12+00:00
semv2-efe88180e47a6fc1,opportunity,98381472,0.02683097191140025,0.1535075725316431,0.4001532483830659,9.874954274583292,0.5109966942593873,0.02312516850172372,0.14506015694289592,0.28011693770410234,12.761370824808454,0.4347985859891364,0.0326818264922495,0.1653826274120085,0.3092872842432816,10.499460842630976,0.49895572223848156,0.48844718083848526,9,0.1905299184953514,-0.2010817726365507,2026-09-04T06:34:12+00:00
semv2-efe88180e47a6fc1,opportunity,98381489,0.006376215830965577,0.12035735250348292,0.26667842568679745,2.1205212522288983,0.29692212117725253,0.023147799346128307,0.14507788070491284,0.28068225810180647,12.824219514403392,0.4379708661324673,0.03466095702699027,0.1648701901704451,0.2884778616315322,10.649681985228721,0.500612111152241,0.4105380440059352,9,0.1905299184953514,-0.2010817726365507,2026-09-04T06:34:12+00:00
semv2-efe88180e47a6fc1,opportunity,98381501,0.006403140764304165,0.1210397648881105,0.267417512907557,2.1125112038430798,0.29877151901265897,0.023182357222444827,0.14567723372170868,0.27962601294880113,12.828289036461472,0.44172693087016174,0.03466095702699027,0.16628570235491774,0.28960208128872483,10.649681985228721,0.5017302902840108,0.4148431556549308,9,0.1905299184953514,-0.2010817726365507,2026-09-04T06:34:12+00:00
semv2-efe88180e47a6fc1,opportunity,98381517,0.015636133577682995,0.1703889652644898,0.3300009664464331,4.78685866208938,0.4560967269999103,0.009859712841612186,0.1371975094514186,0.27593995136571475,6.362375429770146,0.341363228768371,0.018991301149263954,0.1519490457392365,0.24786006048071887,5.437025159508684,0.38131772324471713,0.3801340311494736,10,-0.004071080631366688,-0.10194851353469728,2026-09-04T06:34:12+00:00
semv2-efe88180e47a6fc1,opportunity,98381519,0.012260281063397901,0.14528830507364782,0.29957014367034007,4.7480323823518455,0.3778688744205986,0.010416541361767707,0.13948452142336704,0.27466603771695336,6.459349918336699,0.3502381962886164,0.015527970166227225,0.13878579437619068,0.253578000914215,5.246851042850448,0.3546234113446868,0.3435305679767398,10,-0.004071080631366688,-0.10194851353469728,2026-09-04T06:34:12+00:00
semv2-efe88180e47a6fc1,opportunity,98381520,0.005452471541306387,0.14919459858750053,0.2467779189411783,1.7854676148270667,0.3333981668500037,0.008112584213660946,0.14511791117080305,0.25881706941685095,6.131481821541317,0.34212318523022506,0.0,0.08928241576467325,0.1482108265604147,0.0,0.2596523392855804,0.2987632390555602,1,0.16365285133514684,-0.021171265868428067,2026-09-04T06:34:12+00:00
semv2-efe88180e47a6fc1,opportunity,98381525,0.023857892134924404,0.1265457415427518,0.310738478078626,8.854154297881273,0.4160625787568793,0.0030038531513134413,0.12467829667825875,0.243235787877454,0.6138247661739376,0.2769089053992256,0.07666539841420524,0.2159696423319748,0.43916389257691707,38.288115495903,0.8649280870407631,0.5177496240842051,0,-0.0615067324883442,-0.11208408843439456,2026-09-04T06:34:12+00:00
semv2-efe88180e47a6fc1,opportunity,98381528,0.02894253276898711,0.17340860368994654,0.36057398696493936,9.20562454088089,0.5416853261581046,0.015704432590715627,0.1356721260572351,0.3112222562993365,3.500601603484319,0.35273748201917404,0.018800131971330965,0.14600807940970056,0.37196934105586316,10.0730839358166,0.44773707995264883,0.4431857049227942,0,-0.0615067324883442,-0.11208408843439456,2026-09-04T06:34:12+00:00
semv2-efe88180e47a6fc1,opportunity,98381541,0.009832414120517847,0.14432495006398294,0.26092857570882605,4.10095194447581,0.34660902454394327,0.026002905058848322,0.15990688334760275,0.3001821919513495,21.118656203632273,0.5567771996354764,0.003348714164187403,0.08606076323838842,0.1335209057179759,1.5561125640364926,0.26872823898845555,0.38388642694650393,3,-0.05815593656220488,0.16501850410358507,2026-09-04T06:34:12+00:00
semv2-efe88180e47a6fc1,opportunity,98381544,0.009832414120517838,0.13917766041272883,0.26209202589918357,4.10095194447581,0.3367456681942274,0.026002905058848322,0.15632705226410915,0.30025711752683204,21.118656203632273,0.5510750724425939,0.003348714164187402,0.07578069847696549,0.1337736371212548,1.5561125640364926,0.2651782665365053,0.37697117245217876,3,-0.05815593656220488,0.16501850410358507,2026-09-04T06:34:12+00:00
semv2-efe88180e47a6fc1,opportunity,98381548,0.006848302909051443,0.14845705666499676,0.2741126564505178,2.285932260356308,0.34507688728793273,0.0038209479839416503,0.13846659200049138,0.25454902984089,2.1688986362844185,0.3032035140906688,0.0,0.09371265442972439,0.15360527337518792,0.0,0.2616621278276469,0.29156752161613103,1,0.16365285133514684,-0.021171265868428067,2026-09-04T06:34:12+00:00
semv2-efe88180e47a6fc1,opportunity,98381563,0.007988865772795317,0.13124489848526544,0.24229362788756217,2.481674702571142,0.30942794492207304,0.004694437665697946,0.1059508817472286,0.23548003427436703,2.292549920241789,0.26924073672025767,0.005670038589592512,0.10368092151072025,0.17621470324219607,3.6901983787498738,0.29078088578088573,0.2785024955669811,4,0.12915559117494133,0.05058250696735431,2026-09-04T06:34:12+00:00
semv2-efe88180e47a6fc1,opportunity,98381575,0.003919174331179349,0.1193260062172815,0.21510302209554247,1.0699571219665946,0.27141727837380014,0.014192179143374091,0.14342433874640872,0.2780761903547314,7.5920417325352485,0.377213668270789,0.00565210161166628,0.09744072323773714,0.15798915986257642,3.667533595626612,0.28314966766979155,0.2963306162366856,4,0.12915559117494133,0.05058250696735431,2026-09-04T06:34:12+00:00
semv2-efe88180e47a6fc1,opportunity,98381606,0.01688005584411755,0.1503756243893824,0.2820346239734538,5.432172122953363,0.40192220443947746,0.03399278487383152,0.1709143003932907,0.34114090097594435,19.001954509678484,0.605103602788489,0.049251414688995576,0.18105682106537588,0.3744583173994572,19.088592791182503,0.6634006734006734,0.5694726909276021,0,-0.06977211698369776,-0.08570514152887757,2026-09-04T06:34:12+00:00
semv2-efe88180e47a6fc1,opportunity,98381608,0.019800871413179787,0.1537406557571313,0.28136852164129594,6.400297737525965,0.42296453903469394,0.03395707180073123,0.1702443322461226,0.33832649666873943,19.02403615994637,0.600320558234492,0.04865212729822049,0.17646441306363683,0.3665757760365999,19.080614551879034,0.6425403614950855,0.5623993742495238,0,-0.06977211698369776,-0.08570514152887757,2026-09-04T06:34:12+00:00
semv2-efe88180e47a6fc1,opportunity,98381611,0.07505247301130233,0.21849342401188035,0.5468753024813221,32.90165979765578,0.8906618866452053,0.01592844564495015,0.16622918122684247,0.39429977238000885,8.226530723382918,0.47402130989099256,0.04258372354129507,0.19955264734496905,0.3597883461937319,12.362332768951875,0.615374883489716,0.6787405303030303,5,-0.1234447791168937,-0.04105466141169887,2026-09-04T06:34:12+00:00
semv2-efe88180e47a6fc1,opportunity,98381617,0.08335862390503594,0.21778180925417534,0.570131634535043,37.54969855343995,0.9207852278440514,0.015403493016579915,0.17007362727293046,0.3822736496152634,5.5554147512285885,0.46016675097174997,0.04221173098133854,0.18967438921288948,0.3833971554384653,13.411903218689616,0.6153692724040398,0.6790716199928194,5,-0.1234447791168937,-0.04105466141169887,2026-09-04T06:34:12+00:00
semv2-efe88180e47a6fc1,opportunity,98381627,0.0223897266672245,0.12964433362372849,0.40940989875395023,8.241234302073552,0.44231214866627916,0.018671894042911356,0.1600623430565978,0.5490498202565204,10.497665892982157,0.5434593159999633,0.010802049650142368,0.08889477755429998,0.17101514105858306,4.771788353609463,0.2906077100722131,0.4138659029564204,3,-0.0783221219943657,0.11098162482294065,2026-09-04T06:34:12+00:00
semv2-efe88180e47a6fc1,opportunity,98381708,0.013759538840584026,0.11420613072883926,0.2537763024589086,9.794680658723902,0.3584698303275342,0.025824018067563983,0.12536033507357017,0.2552538709825725,20.345658345140063,0.4688650998728518,0.027686091728834746,0.07315407405370009,0.1921372492938184,13.572699746215273,0.3981821687499124,0.4006312904240298,0,-0.00471463383614626,-0.02947271206489549,2026-09-04T06:34:12+00:00
semv2-efe88180e47a6fc1,opportunity,98381713,0.010474369019179256,0.11646688443644634,0.2641381821410568,6.703466201512661,0.33087462727814015,0.010571171477127533,0.12918540901557934,0.24713083561975122,5.2558425845535375,0.31670838985988287,0.021656476254853736,0.14320312334228288,0.3115066075319432,10.13079594569742,0.42653354313550457,0.34222728108903605,7,0.1992815855105764,-0.04550310519047087,2026-09-04T06:34:12+00:00
semv2-efe88180e47a6fc1,opportunity,98381717,0.016933043698600256,0.13339690746126343,0.26785808242896025,9.93660808602213,0.39321673670723883,0.025999563218596436,0.12590072069437622,0.25582163256399076,20.345658345140063,0.4704676558567472,0.028574344014219343,0.09144860607685461,0.25272788405587465,13.572699746215273,0.4186528623497866,0.417190459476808,0,-0.00471463383614626,-0.02947271206489549,2026-09-04T06:34:12+00:00
semv2-efe88180e47a6fc1,opportunity,98381727,0.021723324156789566,0.14500832453378856,0.31107287500120584,10.708004229192749,0.4509845550653481,0.025906939888264358,0.12443612781761577,0.25411695877697166,20.345658345140063,0.46337357950850155,0.025895392903312775,0.07701059127225823,0.17393784230841805,13.472024310452277,0.3869862986689065,0.4287528913838022,0,-0.00471463383614626,-0.02947271206489549,2026-09-04T06:34:12+00:00
semv2-efe88180e47a6fc1,opportunity,98381734,0.031089963446962812,0.14505303173659292,0.34865105256170764,13.070979823641897,0.5053382311988799,0.02124943710278745,0.15582337392017945,0.33776146394622225,6.973428305830287,0.43028521367725314,0.06440556231439422,0.16247173340428295,0.45836735211906154,30.113728227506066,0.7502159312759757,0.5811532114358146,7,0.1840932374783525,-0.07907289130701099,2026-09-04T06:34:12+00:00
semv2-efe88180e47a6fc1,opportunity,98381736,0.01860808812323595,0.14925504292553587,0.2816060303381146,11.525573643469862,0.4469493625766918,0.03027986622311204,0.13745448605075478,0.2702921002310156,22.77826255064952,0.54319071750261,0.044110268044953084,0.13867811817975184,0.2988256484302021,19.189389492507416,0.5467172395841694,0.5126615041388963,0,-0.00471463383614626,-0.02947271206489549,2026-09-04T06:34:12+00:00
semv2-efe88180e47a6fc1,opportunity,98381747,0.012848725777976662,0.1420414776621202,0.2729228166386883,7.239088608668119,0.3712917617549918,0.009828472512291754,0.12176295823800842,0.23666372689545276,5.221715352299047,0.302353673979292,0.014871086480283215,0.1325138431912206,0.2737604622449002,9.117251869137277,0.3681004375741218,0.33303944918939865,7,0.1992815855105764,-0.04550310519047087,2026-09-04T06:34:12+00:00
semv2-efe88180e47a6fc1,opportunity,98381758,0.0649396331633385,0.194886798066214,0.44107607766674517,29.132995639808314,0.7831161760016702,0.017236687702599868,0.14099310369391746,0.26563085775599143,6.26162118899795,0.3695780195780196,0.011739102004250677,0.15901767907789183,0.27659256715482605,3.166648637138227,0.37437377753489554,0.5130242453765037,0,-0.0500711381092391,-0.12002141381881,2026-09-04T06:34:12+00:00
semv2-efe88180e47a6fc1,opportunity,98381759,0.0454280022168714,0.20829702633409697,0.44507301824638423,23.54419261828006,0.744814222496479,0.015323389067198706,0.14716819326111855,0.2858260730330524,6.213870083735123,0.3799931404929911,0.009721985821116452,0.13421799765242506,0.25527128745956174,3.0785026445675205,0.3318437071628444,0.47491015399512126,0,-0.0500711381092391,-0.12002141381881,2026-09-04T06:34:12+00:00
semv2-efe88180e47a6fc1,opportunity,98381763,0.011565424316950913,0.1457509100840489,0.3342785272638972,3.7895916473576454,0.3880535490290798,0.024011285129288042,0.16281916162175591,0.32560719733768034,14.886246021192042,0.5051454996616287,0.0,0.10212553599169434,0.2154332727735265,0.0,0.27529213142746983,0.3782970265552253,8,-0.14871706132017257,0.18332141877644229,2026-09-04T06:34:12+00:00
semv2-efe88180e47a6fc1,professor,1061797,0.04021320736648764,0.1480657224126437,0.4061210704173643,0.0,0.14922216939328925,0.009808279815372975,0.15122169485958697,0.5176337552048087,4.643871894208767,0.45727992238232307,0.010966773711115735,0.12583426666020783,0.3442662908333218,5.047098616017371,0.3603300019901528,0.6001276065981949,8,-0.11283196928771219,0.0983952893419167,2026-09-04T06:34:12+00:00
semv2-efe88180e47a6fc1,professor,1114484,0.10088497504151456,0.2080272752790154,0.37164551879957236,0.0,0.34736059090138477,0.07795880579179677,0.21402198126262925,0.7247743254323237,51.48280391106797,0.9401915763314416,0.05629061940448086,0.1664903304665768,0.4272170965859709,19.514665826598893,0.6802817425427835,0.8716039797561537,0,-0.06545180589935755,-0.029382062124332562,2026-09-04T06:34:12+00:00
semv2-efe88180e47a6fc1,professor,1141406,0.1010914147910442,0.21782855659656974,0.6548259162561734,0.0,0.5057175525441323,0.06773425569062143,0.13457667005953675,0.4565961461847934,22.190256442121484,0.6543691092742078,0.08416176850155903,0.1330852044637434,0.3356189843229851,7.4638878361479355,0.5294550627035627,0.8351190476190476,0,-0.04924252275652315,-0.017695383070561534,2026-09-04T06:34:12+00:00
semv2-efe88180e47a6fc1,professor,1157495,0.12212815119783844,0.2295285891313926,0.627012438408625,0.0,0.5385565383650723,0.03658405678406038,0.1744058669602364,0.3986820621384907,19.97194213131039,0.6447737384748282,0.046829088509503715,0.1900946192077448,0.3748104162915075,17.193703520583718,0.640438639461825,0.85651569548007,5,-0.10197571426361532,-0.05891485345857035,2026-09-04T06:34:12+00:00
semv2-efe88180e47a6fc1,professor,1164377,0.14906041027975506,0.24373029294089435,0.4857361656540044,0.0,0.538632627386175,0.10906093130848794,0.2405148384747069,0.7171441025498974,58.92239274281991,0.965100555877807,0.07644336539548614,0.20426387153144457,0.561763473466558,31.924696249898574,0.8347817277198494,0.9595672431493327,0,-0.1914003247523386,-0.1354365775977815,2026-09-04T06:34:12+00:00
semv2-efe88180e47a6fc1,professor,1219840,0.029692298100547198,0.11300781258252053,0.39301111670611943,0.0,0.1350349486608095,0.008620585520393222,0.09530618397086982,0.16833349287301017,4.795171964931986,0.27641316423424467,0.030087698019773578,0.13040760849144006,0.25815794249194274,12.987590320816693,0.43725037363033864,0.5645755305867666,3,0.0027926628723097023,0.14513541417004636,2026-09-04T06:34:12+00:00
semv2-efe88180e47a6fc1,professor,1241177,0.1226450692964261,0.23728810649842055,0.6684762399848246,0.0,0.6318435440111503,0.04829226016121127,0.1989463220104073,0.5011935741115477,18.358144769184577,0.7120729017522605,0.06403593880273922,0.1832375537856347,0.4416054949318062,23.835468794183253,0.7281264325393746,0.9199209287444583,0,-0.07204291062527818,-0.08195660189343691,2026-09-04T06:34:12+00:00
semv2-efe88180e47a6fc1,professor,1265949,0.030625434464959574,0.20905592685016794,0.4667237675599549,0.0,0.26144148166099346,0.02657853678958813,0.16475219093705948,0.3841355007808483,15.184962934886565,0.5524738339390197,0.027200483893618937,0.13981689026801034,0.30383199349414663,5.208422635722635,0.42890946488924375,0.6829970954970955,8,-0.15075864024856356,0.1832131514928116,2026-09-04T06:34:12+00:00
semv2-efe88180e47a6fc1,professor,1298235,0.08710948870812944,0.15966852287842312,0.30149753178106914,0.0,0.25290985163586915,0.005589684483300459,0.10078107818943671,0.18206581946564504,3.7355831807851723,0.27298355626880966,0.0,0.07798641357795744,0.1296729222799241,0.0,0.256883002373116,0.5312903225806452,1,0.2877534956491075,0.027634813654436485,2026-09-04T06:34:12+00:00
semv2-efe88180e47a6fc1,professor,1301285,0.21085529986912555,0.23837116821910728,0.5759726769946567,0.0,0.7112725036033541,0.042469584976013865,0.16663898152880796,0.513193165983278,33.83762124663848,0.7609073571881325,0.01669108861371002,0.1367596360158507,0.2758178574266713,10.282689949351004,0.3936561599387242,0.859415494899366,0,-0.02369200627708205,-0.04702853788396431,2026-09-04T06:34:12+00:00
semv2-efe88180e47a6fc1,professor,1345072,0.0737812854097301,0.1679445559951087,0.42658573744882533,0.0,0.2512808300925879,0.004669847244314757,0.119359129700804,0.21388131082930015,0.9809741054861297,0.27583636516627413,0.018748240595561717,0.12568306359281056,0.21447907238320407,10.710747080009687,0.3855288531214989,0.5784373406852881,1,0.13903501398971457,0.04698774777223774,2026-09-04T06:34:12+00:00
semv2-efe88180e47a6fc1,professor,1358530,0.0778905744911909,0.16439947318108303,0.42597568879673736,0.0,0.2288224351321254,0.010477614210126166,0.1276164717660202,0.24681337116542665,7.5541258508153994,0.32847008827792934,0.004140313988754821,0.0912822962177945,0.17981876470907537,2.2788334336511094,0.2789739468589053,0.5389000153706036,1,0.15808794763855977,0.010600252806463597,2026-09-04T06:34:12+00:00
semv2-efe88180e47a6fc1,professor,1370651,0.08170604395160719,0.17192631668850775,0.48806414072258225,0.0,0.27138704075420034,0.020632789351214292,0.14862867073572392,0.4250955296766073,13.099996879250522,0.49976706503967006,0.011286249388955626,0.1288800216319665,0.27309573211009514,4.0708780478224496,0.33021246390742337,0.6373113977244785,1,0.16975659446482738,0.025043891535158586,2026-09-04T06:34:12+00:00
semv2-efe88180e47a6fc1,professor,1418174,0.036670145250313584,0.1579060611190162,0.3208921325858492,0.0,0.13144028325297277,0.014074271628831939,0.12501001335447245,0.30916086758634037,6.417419316457933,0.351391590969445,0.0024856914952974,0.11917008752815267,0.35287267953326257,0.6611417539903499,0.3353773361120594,0.5498991291540305,1,0.072698706677836,0.1140745743511074,2026-09-04T06:34:12+00:00
semv2-efe88180e47a6fc1,professor,1423644,0.02670122690450751,0.12820698778931497,0.2545112094240561,0.0,0.08570036212796471,0.008768691201319536,0.10165117949161842,0.30035178292787873,3.447048640706768,0.29705886507457974,0.013802868436256124,0.15516657262187727,0.3357482288955385,7.511920929800919,0.4065916374835208,0.5559975436010808,1,0.2884014671132741,0.03891041831381013,2026-09-04T06:34:12+00:00
semv2-efe88180e47a6fc1,professor,1490861,0.08527816886970944,0.1941681988868027,0.4907562567230926,0.0,0.2967909358096728,0.025953785215172387,0.15581382842880712,0.3660036809987571,11.738761518341292,0.48633499858207035,0.018042672722635048,0.09951407480548091,0.22951103932479575,8.038750208339694,0.3387989882757381,0.6532931946725051,0,-0.028751522966913835,-0.06637079553542057,2026-09-04T06:34:12+00:00
semv2-efe88180e47a6fc1,professor,1544082,0.03673727171059932,0.19289153008475166,0.3913810143882304,0.0,0.24143039266798907,0.026679973541208518,0.12474092313793154,0.31739831123827617,9.71220871266276,0.41806062846081193,0.022719844495061304,0.08542644978374093,0.16872522303997425,7.202138202439759,0.35386586430427797,0.6000512672626486,3,-0.057658684975298996,0.12954745097943696,2026-09-04T06:34:12+00:00
semv2-efe88180e47a6fc1,professor,1545496,0.06539853608090489,0.1961788794400865,0.40413423453245817,0.0,0.23443922748307455,0.008999733674244328,0.1423362806392344,0.26381409653749077,5.338691158106118,0.3408467891972276,0.003774046733752931,0.0982780997260606,0.16260304549332014,2.4525773247921623,0.27853089375944146,0.5460199396000648,1,0.1464042212550441,0.01470562054946312,2026-09-04T06:34:12+00:00
semv2-efe88180e47a6fc1,professor,1556562,0.08808519655766471,0.19800928814664484,0.3926345075055515,0.0,0.27446968227347984,0.030073788788721127,0.15634957708227376,0.4362498552011188,17.226058387274993,0.5780691539181286,0.019608299007435475,0.16311676194316976,0.32949273162520276,8.953976787402555,0.446727305293462,0.7082264588368765,6,0.03760638809620905,-0.1190879207715283,2026-09-04T06:34:12+00:00
semv2-efe88180e47a6fc1,professor,1573437,0.09132064654760481,0.1679447955806029,0.4622282117191771,0.0,0.2835001094932945,0.02739545644332428,0.1295718472729004,0.26045586792585956,21.156526413643217,0.494174491077403,0.03345690126266906,0.10237910517628823,0.24789692725996504,15.444929661645986,0.4545174235612895,0.6869672490895935,0,-0.00471463383614626,-0.02947271206489549,2026-09-04T06:34:12+00:00
semv2-efe88180e47a6fc1,professor,1612086,0.09423415688688598,0.16783629322086413,0.3118718925439166,0.0,0.23090972130471543,0.010570359558692205,0.10650857987980489,0.24657476424084102,6.428534765741155,0.306461651079815,0.021238439755977723,0.11499485124960329,0.2640848434527858,10.385484689523723,0.38758319698210486,0.5766455730344077,1,0.30270989079647,-0.011365817408376553,2026-09-04T06:34:12+00:00
semv2-efe88180e47a6fc1,professor,1627935,0.11270922647611709,0.2185206725856408,0.5854730626982313,0.0,0.48941190844340227,0.02607015995509519,0.16516543117177154,0.4134281273538245,15.624344450392288,0.5683413480670926,0.043408719386753176,0.17201212367306953,0.4858020422021574,18.6262345225579,0.662814198316226,0.8334537137354039,0,-0.13913207426823831,-0.06576321015508262,2026-09-04T06:34:12+00:00
semv2-efe88180e47a6fc1,professor,1640530,0.08768784909370474,0.16984312151461878,0.33836544135165014,0.0,0.23304549881192074,0.013667577798671851,0.12457994251736539,0.3151701828876277,9.58533504663177,0.368093460977643,0.0185327894931951,0.13706957949745627,0.2266958807819812,8.059653623486332,0.36729819942090214,0.5894053917863441,2,0.009495267971632786,-0.11605608578365303,2026-09-04T06:34:12+00:00
semv2-efe88180e47a6fc1,professor,1645285,0.10609301923224235,0.23697131916388778,0.4688679051981681,0.0,0.44830238482584467,0.03620325793867189,0.16149339561988113,0.39846408732413774,15.215004511550738,0.5898143006487101,0.02973727030145837,0.1671644923802312,0.3640212153634763,11.425497142799541,0.5192653401652143,0.8014859981933155,8,-0.172397074811722,0.06900133812796162,2026-09-04T06:34:12+00:00
semv2-efe88180e47a6fc1,professor,1653324,0.09550092428557157,0.2473874890592707,0.7008336671191788,0.0,0.6400529543790247,0.02917969780266244,0.17870908559457008,0.46881227155979505,10.834204029014552,0.5761969727903352,0.047691654659056164,0.1595609679958732,0.3854686556057428,18.706523435586178,0.6047028941166248,0.8458468614718615,5,-0.1860955501165392,-0.14425524017888408,2026-09-04T06:34:12+00:00
semv2-efe88180e47a6fc1,professor,1714987,0.03218402266910155,0.13944171080011644,0.4789849174827876,0.0,0.15924270787898148,0.014252372168047325,0.1243202726110364,0.2591396051099202,9.944855126840196,0.3754226139312647,0.012692216856105902,0.10083378669282428,0.22644310756891617,5.710119474396926,0.30632814387620994,0.5496683903668894,3,-0.02720417459486694,0.065079815581535,2026-09-04T06:34:12+00:00
semv2-efe88180e47a6fc1,professor,1715527,0.09903173332488095,0.20191283306899957,0.40045632397840364,0.0,0.29242844078164704,0.02300277463798095,0.14960801625573966,0.36659349164390087,10.669179483358494,0.4903218249482775,0.008900832329202104,0.11992959996278782,0.21362941005765534,5.588821919922317,0.31674923433449664,0.6406317844639381,6,0.05170851968735711,-0.11678902880381724,2026-09-04T06:34:12+00:00
semv2-efe88180e47a6fc1,professor,1756620,0.09983159654415458,0.1341299654454884,0.3438986443067562,0.0,0.24025622649710732,0.012498388460054277,0.10723221220740796,0.2912097125771807,6.332817637747986,0.32760151935678333,0.0029541320578441773,0.12034962300005998,0.24921947378516993,1.5250362589058217,0.3023429045177336,0.5535609857978279,3,-0.00450940750767182,0.1593967119185788,2026-09-04T06:34:12+00:00
semv2-efe88180e47a6fc1,professor,1790572,0.09439482623973343,0.2043441301208607,0.41585579447661525,0.0,0.3007895400003748,0.023151775023432283,0.14527175712317247,0.28014173625156996,14.946574693305308,0.4381654609972551,0.034001246848743345,0.16551283997912378,0.2957890757211796,10.599608271029473,0.5004327078915778,0.6891659043706888,9,0.18776176159090122,-0.19147479520349883,2026-09-04T06:34:12+00:00
semv2-efe88180e47a6fc1,professor,1804495,0.09040356013085832,0.19135755810014174,0.4811291237580056,0.0,0.3187161665280894,0.01388302703073558,0.13559058039125574,0.2738520088204754,5.816995414227623,0.34978242583880936,0.03364437501651039,0.14606289997926214,0.34787814063196826,16.453925347446923,0.5149499706618674,0.6724672108914962,7,0.19421880283316842,-0.05669303389598424,2026-09-04T06:34:12+00:00
semv2-efe88180e47a6fc1,professor,1916144,0.07701676746452933,0.15667117591999338,0.39312375390265775,0.0,0.2244264235735706,0.008190905588554724,0.1299881344474184,0.24847055569411813,4.62673652493444,0.31147022114002343,0.0,0.05200717906284224,0.06515138769750181,0.0,0.2531811361923294,0.521137206171689,3,0.11664838155996667,0.15432364348642943,2026-09-04T06:34:12+00:00
semv2-efe88180e47a6fc1,professor,1918787,0.11885528961009685,0.24325991178062745,0.5599131586743417,0.0,0.5292593636734094,0.02771436100928487,0.1765064574502205,0.3493683639842482,18.831377176221714,0.6009227023364602,0.029828576484393264,0.13698357483265616,0.2956336255361264,16.986636669052302,0.4890142611535918,0.8086764513874489,8,-0.10782220990981294,0.08448528163383721,2026-09-04T06:34:12+00:00
semv2-efe88180e47a6fc1,professor,1974414,0.08323844108847027,0.20132599208085847,0.38492350135477565,0.0,0.24887847332193744,0.024658674665583528,0.14112417893711413,0.3351231276051135,14.48637671762422,0.4647650701676953,0.03692644507695106,0.19797784732689347,0.413110028830155,17.644010471054944,0.6474537670369457,0.7025855994791884,1,0.2283628614331648,0.07264170182318049,2026-09-04T06:34:12+00:00
semv2-efe88180e47a6fc1,professor,2024367,0.0837242526662565,0.13224393475015073,0.3809840177221168,0.0,0.22047749648934148,0.0015280706810874946,0.08456329911518749,0.19005687846304517,1.2814426167080637,0.2593264318886268,0.014833219556970615,0.07650520657475035,0.1425861930619173,6.426621389801464,0.2968397535172021,0.5195016420361248,4,0.03460132275881583,0.14723850586497647,2026-09-04T06:34:12+00:00
semv2-efe88180e47a6fc1,professor,2033893,0.13944554971618223,0.19431347248224703,0.4378284731711663,0.0,0.34591340513156305,0.004549801130971686,0.13283940136018074,0.25301438759886263,2.729099343896552,0.2970375026012163,0.012968109780970183,0.1090227914489937,0.20148664906218683,5.867279963856549,0.3142027905709329,0.6034447729709167,1,0.22818894857919544,0.0534916026926673,2026-09-04T06:34:12+00:00
semv2-efe88180e47a6fc1,professor,2106371,0.10889106398218969,0.22384581682025725,0.4982071135022374,0.0,0.42029337587078563,0.04173253165805988,0.1923090927082873,0.46415653793662265,15.256125181012749,0.7100481410842221,0.02879023372324019,0.17137424748373928,0.3879146784522259,10.245082153376464,0.5275204083339998,0.82562250476015,8,-0.1784912190099487,0.00594600879788364,2026-09-04T06:34:12+00:00
semv2-efe88180e47a6fc1,professor,2119250,0.0770917583581233,0.21081914909341137,0.47432051709525075,0.0,0.31252856685053915,0.03368776895591153,0.19868963096536227,0.4917103035489756,13.08017384269612,0.6560082577692623,0.044718356774616795,0.19526028309140156,0.44190036546041056,15.370130566039947,0.6647056241301375,0.8162227868749607,10,-0.06316753749315823,-0.14922866150425884,2026-09-04T06:34:12+00:00
semv2-efe88180e47a6fc1,professor,2151027,0.08562282898343583,0.18956648090677394,0.41291765521178886,0.0,0.23513504968182186,0.008268217942102517,0.1500404704850416,0.4314479707438536,4.220271927797505,0.4260209184676881,0.0,0.08913759300507097,0.14967344232519697,0.0,0.2632868472836579,0.5667575456147481,11,0.18017312411164538,0.08938265086044855,2026-09-04T06:34:12+00:00
semv2-efe88180e47a6fc1,professor,2194196,0.0987712797533969,0.20739716239503492,0.6042169846154878,0.0,0.44170496867427045,0.005977895775299121,0.10344044875739562,0.23017086882476126,2.563146973647205,0.27888571873857865,0.010640430193181701,0.10569027770625038,0.16878692038635126,3.1004019835183994,0.29554142822725055,0.6188992741011653,0,-0.02738992363265183,0.007451278261617701,2026-09-04T06:34:12+00:00
semv2-efe88180e47a6fc1,professor,2269479,0.08075557782906354,0.15751517253225425,0.43076932771995685,0.0,0.21266116348888406,0.015481001024865876,0.1521302819703374,0.3249318035920467,8.478117126464523,0.4202233112670739,0.017511406389764814,0.16015570321265074,0.34720270400678105,8.02746421515161,0.4606559709030677,0.6201838870137524,1,0.14080884716719555,-0.12673063699898734,2026-09-04T06:34:12+00:00
semv2-efe88180e47a6fc1,professor,2269625,0.03658586923957206,0.14972458390103388,0.3096604303989272,0.0,0.11783936582385603,0.007402826186653192,0.11464034003612433,0.23991324271053036,2.7649992334206215,0.2848582973802063,0.012058912719234328,0.08892005624974678,0.18430279885555428,3.365584014795361,0.2961698066843131,0.5099002849002849,3,0.01061990733729162,0.16507923427672647,2026-09-04T06:34:12+00:00
semv2-efe88180e47a6fc1,professor,2270384,0.10131848716211721,0.20714473872534697,0.5090898555094762,0.0,0.372248336383326,0.045348488325607186,0.1814148298584832,0.4859239117569857,12.273130049428147,0.6845476835720739,0.0482397862268604,0.20379908364799507,0.4993981880127913,16.088766214321005,0.741387632928191,0.8644843821686711,0,-0.02790781170726181,-0.05488876795636449,2026-09-04T06:34:12+00:00
semv2-efe88180e47a6fc1,professor,2304973,0.05504289225115846,0.24128700161751004,0.5523727102015354,0.0,0.42447042192070467,0.016280038384899286,0.144080648477518,0.2757284653945219,6.237745636366537,0.37478558003550533,0.010730543912683565,0.14661783836515846,0.2659319273071939,3.1225756408528738,0.35310874234886996,0.6676985985238413,0,-0.0500711381092391,-0.12002141381881,2026-09-04T06:34:12+00:00
semv2-efe88180e47a6fc1,professor,2370894,0.09785705796065529,0.20005795923617342,0.4913100787672275,0.0,0.3330861102587101,0.027321905448153133,0.17335626596359754,0.5007620996435787,13.474739169685485,0.6262741846812644,0.04881231351855998,0.22018128526936204,0.39720366473648255,22.036287442367506,0.7513499396441826,0.8442146257935181,0,-0.03205463241415724,-0.06051813810645596,2026-09-04T06:34:12+00:00
semv2-efe88180e47a6fc1,professor,2556863,0.12199585748687343,0.2241439577740283,0.6730831099810511,0.0,0.5620852298299363,0.12752238195396334,0.2364131123571942,0.6485725143596006,41.27448401336173,0.9518797809120391,0.14951845542709943,0.28736089739904447,0.6449544293577247,49.80706211025443,1.0,0.9693711306614533,8,-0.07928910710158107,0.008791097180770532,2026-09-04T06:34:12+00:00
semv2-efe88180e47a6fc1,professor,2579081,0.09938515583281467,0.21238845528908856,0.4340676443847779,0.0,0.3274746914921139,0.017063167023638543,0.11390217050148478,0.2656583090011879,6.920113564472718,0.33998923390241415,0.020633099303955998,0.1529375445298433,0.3544251426803231,7.375872188610177,0.4338539339483947,0.6557543304531257,1,0.1270302361715692,0.019489572598211893,2026-09-04T06:34:12+00:00
semv2-efe88180e47a6fc1,professor,2882780,0.11324624976977941,0.19583124372120608,0.33078424395120853,0.0,0.28800439140733336,0.018428971418259863,0.13278591061419462,0.38637127369309626,9.451509487191034,0.44578325365250265,0.02207257637034214,0.08606489601782973,0.20519589272416416,8.431959541933507,0.36217601984759695,0.6474684216619702,8,-0.13925651625530908,0.21155082562184982,2026-09-04T06:34:12+00:00
semv2-efe88180e47a6fc1,professor,2943096,0.22112629354754346,0.26696933546680696,0.5605867907927286,0.0,0.7841253285615655,0.03804570095840347,0.16383115586826302,0.4380402557316261,19.522706062095114,0.6390655540993467,0.05292684937594352,0.15958574054837213,0.40666242945867265,21.438097816752716,0.6118808580512165,0.8832846003898635,8,-0.13058914827452064,0.12001260485568524,2026-09-04T06:34:12+00:00
semv2-efe88180e47a6fc1,professor,2998692,0.07890346770508581,0.20202465723415752,0.38336690066014895,0.0,0.2404787956578812,0.008768817891709187,0.14322588500139177,0.3439246400953629,5.018421233545804,0.3654587725876689,0.02695380167264681,0.17320450624618655,0.36232270029767677,16.09309956842789,0.563846377372148,0.6447206861286153,1,0.1636700297833681,0.0486219517306115,2026-09-04T06:34:12+00:00
semv2-efe88180e47a6fc1,professor,3086042,0.10753738413669135,0.176047916811655,0.517693577626693,0.0,0.31603613800789204,0.03021461148889453,0.1356293585713847,0.3150470919462418,14.887438980633405,0.48404665987137563,0.04565824691516343,0.16124683203860307,0.4177066401493742,23.32104233899733,0.6616210154094864,0.7471844885637988,0,-0.058061698551848874,-0.023555247825087233,2026-09-04T06:34:12+00:00
semv2-efe88180e47a6fc1,professor,3140619,0.036087960306024354,0.08979812303272794,0.3689889230000414,0.0,0.11560812003780642,0.018925950685329075,0.10691098739722439,0.4159874821178562,11.690707283245937,0.42440639110054335,0.05504522666136809,0.16811316930068074,0.48778528154548817,25.007831975014362,0.7404759547832078,0.6762772333784868,10,-0.014531503548218612,-0.050421639287687475,2026-09-04T06:34:12+00:00
semv2-efe88180e47a6fc1,professor,3143109,0.09944985556813467,0.20229616855378765,0.5767801116621789,0.0,0.41685174972833755,0.06570287137472137,0.16897750014267562,0.4528695720483508,44.43921375590448,0.7805713149185993,0.08581466407301498,0.22493217700994736,0.4566460279386308,30.187608822495918,0.8876700402862822,0.913209182229768,0,-0.042241453963457985,-0.10206284210662663,2026-09-04T06:34:12+00:00
semv2-efe88180e47a6fc1,professor,3195712,0.036503463782045185,0.18409542614215646,0.47566891248296556,0.0,0.21709599821314096,0.018902242809655332,0.14318107032682334,0.32179035555034247,10.357774927017157,0.4339866788205022,0.008433501800240705,0.11763837308793836,0.24650541762481123,4.94754247685539,0.3306946307080534,0.580520433176796,3,0.007045558649037974,0.15321238924915842,2026-09-04T06:34:12+00:00
semv2-efe88180e47a6fc1,professor,3223216,0.08285415449863993,0.21131221907610043,0.4264892517216585,0.0,0.2843831185193441,0.023665225341595857,0.18429118384958473,0.3392765455421947,14.244560446906705,0.5674115741560265,0.02812068885370513,0.10962528684039667,0.20211971243768612,10.044792511969641,0.38303970981505175,0.6833180161094621,0,0.010033924021593258,-0.0639673668118466,2026-09-04T06:34:12+00:00
semv2-efe88180e47a6fc1,professor,3304616,0.13009662295324326,0.2272284449949593,0.4066329994927467,0.0,0.394563327978185,0.009354142871014534,0.13017521136774693,0.2772290220883952,2.0572131848291284,0.3148231937091998,0.047732765192768103,0.18098886087083768,0.4055666168163901,24.1805997158598,0.656332583496706,0.7209706499540675,0,-0.0615067324883442,-0.11208408843439456,2026-09-04T06:34:12+00:00
semv2-efe88180e47a6fc1,professor,3305518,0.028773892089065067,0.1315118587246744,0.3873105057714277,0.0,0.10094836357393433,0.016335696375421052,0.08349811254346141,0.2659461929538047,4.893736788726294,0.3142348490962035,0.005338878308830864,0.06492928573486302,0.11259085888726755,2.2192529792100077,0.26430747968275714,0.5074567554932211,3,0.013473693082632986,0.13776741702228967,2026-09-04T06:34:12+00:00
semv2-efe88180e47a6fc1,professor,3307604,0.035437439760849204,0.1859656639492175,0.47083191322404017,0.0,0.19753064628067749,0.011162838659532054,0.14820559586490475,0.44004740599923714,4.805164843547134,0.43078288451099433,0.009521062676247706,0.11777315743768586,0.3156292614013373,3.6043961857371802,0.3315675577377706,0.5768887546967257,6,0.0051120493500318755,-0.16512358402021182,2026-09-04T06:34:12+00:00
semv2-efe88180e47a6fc1,professor,3314459,0.08702058661873502,0.21194678337032655,0.4882269045189093,0.0,0.32601489427760766,0.009648989535951467,0.1626749189328849,0.4243999704885721,0.8341577863712221,0.41970145822873356,0.01880363459498103,0.141715517108281,0.3340151076959121,4.201877745653436,0.38666180855026355,0.6594319131161236,0,-0.12235675639490032,-0.17709565959006304,2026-09-04T06:34:12+00:00
semv2-efe88180e47a6fc1,professor,3443233,0.09150540087159775,0.13791280322365007,0.35301767596840655,0.0,0.19111322291719388,0.015790971296674262,0.13818634986654313,0.42601693679024494,8.888093431254282,0.4436698902837,0.014754993229111134,0.0819105066084587,0.3094577699146576,6.558793958429665,0.332739650243155,0.5863330017234373,0,-0.12150667060924962,-0.09857428246660034,2026-09-04T06:34:12+00:00
semv2-efe88180e47a6fc1,professor,3583683,0.09020256681348993,0.22101087272266107,0.40366785498344265,0.0,0.3169315326833429,0.011638771438534385,0.1271466300946116,0.2530468408138336,5.619581653081221,0.3222688374650552,0.024856810471178412,0.1134747635534417,0.18904117809536913,7.573424146089842,0.3537655258631913,0.6157215167057425,0,-0.05451314941485189,-0.018480016777171412,2026-09-04T06:34:12+00:00
semv2-efe88180e47a6fc1,professor,3882870,0.08714034567566704,0.2078066460794269,0.40569076233013335,0.0,0.27668049232160713,0.02215206247741611,0.1253841696047071,0.351717916343009,11.872678318323196,0.4361417937997878,0.005607105410941553,0.1067655088655396,0.23395523953759995,2.4807703360305617,0.2991575398052725,0.6049292064960428,8,-0.1433894550829902,0.21868784555438753,2026-09-04T06:34:12+00:00
semv2-efe88180e47a6fc1,professor,400800,0.05505119727477444,0.16240820099670672,0.33796436473698965,0.0,0.18112944230207684,0.02355923472020267,0.1587654262227699,0.38316304324490064,17.578326100082233,0.5504371960260112,0.005833159326172391,0.08357874642321796,0.14610322796593792,2.62800449389415,0.2748380718657246,0.5928620575085222,3,-0.06487799837292514,0.14700621101003694,2026-09-04T06:34:12+00:00
semv2-efe88180e47a6fc1,professor,4420437,0.08592137615260048,0.2687187723055895,0.6497754178033349,0.0,0.641400474119722,0.02684827405807266,0.16493176009090124,0.42802618119296604,8.413763902481719,0.5241454519654363,0.048190835167266556,0.20981085047228057,0.47398116340212587,18.84348459475549,0.749808393827713,0.8835393152466323,5,-0.20289345825486022,-0.11963236406297043,2026-09-04T06:34:12+00:00
semv2-efe88180e47a6fc1,professor,530117,0.11147229338389696,0.21026592187539153,0.5158674059680366,0.0,0.38148693645516846,0.0195506619725071,0.14486381756183386,0.31806658001954735,9.813523211752155,0.4180312126716377,0.0413043355770736,0.14689605218231577,0.32055714539327856,23.726010529163297,0.5699076418498358,0.7207139265962795,0,-0.011584916405849448,-0.09779527795618999,2026-09-04T06:34:12+00:00
semv2-efe88180e47a6fc1,professor,6605449,0.08618519491451294,0.19225280906289335,0.5223476363970494,0.0,0.2952376356295177,0.03457079433924072,0.13014831494983925,0.3451705421422743,12.161932670279157,0.4976556559467936,0.01659258165399751,0.12212690166785092,0.2698956453418384,7.251162376223504,0.3516770192328494,0.6610195360195361,0,-0.09871896253249307,-0.03175712585712977,2026-09-04T06:34:12+00:00
